-- MySQL dump 10.13  Distrib 8.0.41, for Linux (x86_64)
--
-- Host: localhost    Database: my_database
-- ------------------------------------------------------
-- Server version	8.0.41-0ubuntu0.24.04.1

/*!40101 SET @OLD_CHARACTER_SET_CLIENT=@@CHARACTER_SET_CLIENT */;
/*!40101 SET @OLD_CHARACTER_SET_RESULTS=@@CHARACTER_SET_RESULTS */;
/*!40101 SET @OLD_COLLATION_CONNECTION=@@COLLATION_CONNECTION */;
/*!50503 SET NAMES utf8mb4 */;
/*!40103 SET @OLD_TIME_ZONE=@@TIME_ZONE */;
/*!40103 SET TIME_ZONE='+00:00' */;
/*!40014 SET @OLD_UNIQUE_CHECKS=@@UNIQUE_CHECKS, UNIQUE_CHECKS=0 */;
/*!40014 SET @OLD_FOREIGN_KEY_CHECKS=@@FOREIGN_KEY_CHECKS, FOREIGN_KEY_CHECKS=0 */;
/*!40101 SET @OLD_SQL_MODE=@@SQL_MODE, SQL_MODE='NO_AUTO_VALUE_ON_ZERO' */;
/*!40111 SET @OLD_SQL_NOTES=@@SQL_NOTES, SQL_NOTES=0 */;

--
-- Table structure for table `activity_logs`
--

DROP TABLE IF EXISTS `activity_logs`;
/*!40101 SET @saved_cs_client     = @@character_set_client */;
/*!50503 SET character_set_client = utf8mb4 */;
CREATE TABLE `activity_logs` (
  `id` int NOT NULL AUTO_INCREMENT,
  `user_id` int DEFAULT NULL,
  `activity_description` varchar(255) DEFAULT NULL,
  `activity_time` timestamp NULL DEFAULT CURRENT_TIMESTAMP,
  `ip_address` varchar(45) DEFAULT NULL,
  PRIMARY KEY (`id`)
) ENGINE=InnoDB AUTO_INCREMENT=3 DEFAULT CHARSET=utf8mb4 COLLATE=utf8mb4_0900_ai_ci;
/*!40101 SET character_set_client = @saved_cs_client */;

--
-- Dumping data for table `activity_logs`
--

LOCK TABLES `activity_logs` WRITE;
/*!40000 ALTER TABLE `activity_logs` DISABLE KEYS */;
INSERT INTO `activity_logs` VALUES (1,NULL,'Product updated','2025-02-11 18:30:31','192.168.1.1'),(2,NULL,'Product updated','2025-02-11 18:33:03','192.168.1.1');
/*!40000 ALTER TABLE `activity_logs` ENABLE KEYS */;
UNLOCK TABLES;

--
-- Table structure for table `attendance`
--

DROP TABLE IF EXISTS `attendance`;
/*!40101 SET @saved_cs_client     = @@character_set_client */;
/*!50503 SET character_set_client = utf8mb4 */;
CREATE TABLE `attendance` (
  `id` int NOT NULL AUTO_INCREMENT,
  `employee_id` int DEFAULT NULL,
  `status` varchar(20) DEFAULT NULL,
  `date` date DEFAULT NULL,
  `date_time` datetime DEFAULT NULL,
  `phone` varchar(20) DEFAULT NULL,
  `check_in_time` datetime DEFAULT NULL,
  `check_out_time` datetime DEFAULT NULL,
  PRIMARY KEY (`id`)
) ENGINE=InnoDB AUTO_INCREMENT=16257 DEFAULT CHARSET=utf8mb4 COLLATE=utf8mb4_0900_ai_ci;
/*!40101 SET character_set_client = @saved_cs_client */;

--
-- Dumping data for table `attendance`
--

LOCK TABLES `attendance` WRITE;
/*!40000 ALTER TABLE `attendance` DISABLE KEYS */;
INSERT INTO `attendance` VALUES (15452,103,'Present','2025-02-04',NULL,NULL,'2025-02-04 22:36:49','2025-02-04 22:36:49'),(15453,3,'Present','2025-02-04',NULL,NULL,'2025-02-04 23:06:27','2025-02-04 23:06:27'),(15454,12,'Present','2025-02-04',NULL,NULL,'2025-02-04 23:10:48','2025-02-04 23:10:48'),(15455,103,'Present','2025-02-05',NULL,NULL,'2025-02-05 01:00:18','2025-02-05 22:55:53'),(15456,27,'Present','2025-02-05',NULL,NULL,'2025-02-05 01:36:57','2025-02-05 21:04:33'),(15457,11,'Present','2025-02-05',NULL,NULL,'2025-02-05 01:37:06','2025-02-05 01:37:06'),(15458,12,'Present','2025-02-05',NULL,NULL,'2025-02-05 03:38:17','2025-02-05 23:59:52'),(15459,5,'Present','2025-02-05',NULL,NULL,'2025-02-05 06:25:51','2025-02-05 21:22:39'),(15460,3,'Present','2025-02-05',NULL,NULL,'2025-02-05 06:26:04','2025-02-05 21:47:54'),(15461,13,'Present','2025-02-05',NULL,NULL,'2025-02-05 06:26:36','2025-02-05 21:23:22'),(15462,14,'Present','2025-02-05',NULL,NULL,'2025-02-05 06:41:51','2025-02-05 21:34:27'),(15463,29,'Present','2025-02-05',NULL,NULL,'2025-02-05 12:07:39','2025-02-05 20:33:57'),(15464,30,'Present','2025-02-05',NULL,NULL,'2025-02-05 12:07:40','2025-02-05 20:34:01'),(15465,19,'Present','2025-02-05',NULL,NULL,'2025-02-05 20:42:03','2025-02-05 20:42:03'),(15466,10,'Present','2025-02-05',NULL,NULL,'2025-02-05 21:17:57','2025-02-05 21:17:57'),(15467,27,'Present','2025-02-06',NULL,NULL,'2025-02-06 00:04:13','2025-02-06 19:02:24'),(15468,14,'Present','2025-02-06',NULL,NULL,'2025-02-06 00:30:52','2025-02-06 21:21:34'),(15469,103,'Present','2025-02-06',NULL,NULL,'2025-02-06 00:37:39','2025-02-06 22:54:16'),(15470,12,'Present','2025-02-06',NULL,NULL,'2025-02-06 00:40:12','2025-02-06 23:59:46'),(15471,8,'Present','2025-02-06',NULL,NULL,'2025-02-06 01:13:18','2025-02-06 03:51:41'),(15472,5,'Present','2025-02-06',NULL,NULL,'2025-02-06 05:53:36','2025-02-06 05:53:36'),(15473,13,'Present','2025-02-06',NULL,NULL,'2025-02-06 06:05:29','2025-02-06 21:48:09'),(15474,3,'Present','2025-02-06',NULL,NULL,'2025-02-06 06:06:01','2025-02-06 06:06:02'),(15475,30,'Present','2025-02-06',NULL,NULL,'2025-02-06 11:51:52','2025-02-06 20:56:58'),(15476,1,'Present','2025-02-06',NULL,NULL,'2025-02-06 12:19:48','2025-02-06 12:21:56'),(15477,29,'Present','2025-02-06',NULL,NULL,'2025-02-06 13:30:15','2025-02-06 20:56:56'),(15478,11,'Present','2025-02-06',NULL,NULL,'2025-02-06 15:20:58','2025-02-06 15:20:58'),(15479,27,'Present','2025-02-07',NULL,NULL,'2025-02-07 00:07:36','2025-02-07 15:02:30'),(15480,11,'Present','2025-02-07',NULL,NULL,'2025-02-07 00:07:45','2025-02-07 00:07:45'),(15481,103,'Present','2025-02-07',NULL,NULL,'2025-02-07 01:33:07','2025-02-07 06:17:36'),(15482,12,'Present','2025-02-07',NULL,NULL,'2025-02-07 01:59:32','2025-02-07 23:09:55'),(15483,14,'Present','2025-02-07',NULL,NULL,'2025-02-07 06:03:19','2025-02-07 21:17:26'),(15484,30,'Present','2025-02-07',NULL,NULL,'2025-02-07 11:53:50','2025-02-07 21:29:06'),(15485,29,'Present','2025-02-07',NULL,NULL,'2025-02-07 12:18:55','2025-02-07 21:29:09'),(15486,8,'Present','2025-02-07',NULL,NULL,'2025-02-07 19:29:20','2025-02-07 19:29:20'),(15487,1,'Present','2025-02-07',NULL,NULL,'2025-02-07 19:56:04','2025-02-07 19:56:04'),(15488,19,'Present','2025-02-07',NULL,NULL,'2025-02-07 20:46:27','2025-02-07 20:56:02'),(15489,3,'Present','2025-02-07',NULL,NULL,'2025-02-07 21:36:21','2025-02-07 22:32:44'),(15490,5,'Present','2025-02-07',NULL,NULL,'2025-02-07 22:01:43','2025-02-07 22:01:43'),(15491,3,'Present','2025-02-08',NULL,NULL,'2025-02-08 00:10:49','2025-02-08 04:20:28'),(15492,1,'Present','2025-02-08',NULL,NULL,'2025-02-08 00:19:17','2025-02-08 01:23:21'),(15493,8,'Present','2025-02-08',NULL,NULL,'2025-02-08 00:48:14','2025-02-08 01:33:21'),(15494,27,'Present','2025-02-08',NULL,NULL,'2025-02-08 01:07:53','2025-02-08 01:07:53'),(15495,12,'Present','2025-02-08',NULL,NULL,'2025-02-08 01:10:51','2025-02-08 06:35:12'),(15496,103,'Present','2025-02-08',NULL,NULL,'2025-02-08 02:23:25','2025-02-08 05:35:16'),(15497,19,'Present','2025-02-08',NULL,NULL,'2025-02-08 04:32:53','2025-02-08 04:32:56'),(15498,5,'Present','2025-02-08',NULL,NULL,'2025-02-08 05:11:59','2025-02-08 07:23:15'),(15499,13,'Present','2025-02-08',NULL,NULL,'2025-02-08 05:19:48','2025-02-08 05:19:48'),(15500,12,'Present','2025-02-10',NULL,NULL,'2025-02-10 11:58:13','2025-02-10 23:30:40'),(15501,30,'Present','2025-02-10',NULL,NULL,'2025-02-10 12:05:47','2025-02-10 12:05:47'),(15502,29,'Present','2025-02-10',NULL,NULL,'2025-02-10 12:26:00','2025-02-10 21:06:13'),(15503,27,'Present','2025-02-10',NULL,NULL,'2025-02-10 14:41:06','2025-02-10 23:14:44'),(15504,19,'Present','2025-02-10',NULL,NULL,'2025-02-10 20:47:20','2025-02-10 20:47:20'),(15505,4,'Present','2025-02-10',NULL,NULL,'2025-02-10 20:49:59','2025-02-10 20:59:30'),(15506,10,'Present','2025-02-10',NULL,NULL,'2025-02-10 21:17:00','2025-02-10 21:17:00'),(15507,103,'Present','2025-02-10',NULL,NULL,'2025-02-10 21:26:24','2025-02-10 21:26:24'),(15508,5,'Present','2025-02-10',NULL,NULL,'2025-02-10 21:38:45','2025-02-10 21:38:45'),(15509,13,'Present','2025-02-10',NULL,NULL,'2025-02-10 21:39:01','2025-02-10 21:39:01'),(15510,3,'Present','2025-02-10',NULL,NULL,'2025-02-10 21:52:45','2025-02-10 21:52:45'),(15511,103,'Present','2025-02-11',NULL,NULL,'2025-02-11 01:04:02','2025-02-11 22:58:01'),(15512,5,'Present','2025-02-11',NULL,NULL,'2025-02-11 01:17:53','2025-02-11 06:57:03'),(15513,19,'Present','2025-02-11',NULL,NULL,'2025-02-11 01:18:08','2025-02-11 01:18:56'),(15514,4,'Present','2025-02-11',NULL,NULL,'2025-02-11 01:18:12','2025-02-11 20:43:22'),(15515,3,'Present','2025-02-11',NULL,NULL,'2025-02-11 01:19:09','2025-02-11 21:45:28'),(15516,12,'Present','2025-02-11',NULL,NULL,'2025-02-11 03:14:36','2025-02-11 22:14:47'),(15517,30,'Present','2025-02-11',NULL,NULL,'2025-02-11 11:50:24','2025-02-11 21:01:14'),(15518,29,'Present','2025-02-11',NULL,NULL,'2025-02-11 12:30:30','2025-02-11 21:01:12'),(15519,27,'Present','2025-02-11',NULL,NULL,'2025-02-11 15:00:30','2025-02-11 18:09:13'),(15520,11,'Present','2025-02-11',NULL,NULL,'2025-02-11 15:44:16','2025-02-11 15:44:16'),(15521,105,'Present','2025-02-11',NULL,NULL,'2025-02-11 17:57:40','2025-02-11 17:57:40'),(15522,14,'Present','2025-02-11',NULL,NULL,'2025-02-11 21:25:53','2025-02-11 21:25:53'),(15523,10,'Present','2025-02-11',NULL,NULL,'2025-02-11 21:26:55','2025-02-11 21:26:55'),(15524,27,'Present','2025-02-12',NULL,NULL,'2025-02-12 00:03:12','2025-02-12 23:00:47'),(15525,11,'Present','2025-02-12',NULL,NULL,'2025-02-12 00:03:29','2025-02-12 00:03:29'),(15526,3,'Present','2025-02-12',NULL,NULL,'2025-02-12 00:27:09','2025-02-12 21:30:56'),(15527,103,'Present','2025-02-12',NULL,NULL,'2025-02-12 01:01:07','2025-02-12 23:58:56'),(15528,12,'Present','2025-02-12',NULL,NULL,'2025-02-12 01:01:33','2025-02-12 22:26:15'),(15529,14,'Present','2025-02-12',NULL,NULL,'2025-02-12 04:08:59','2025-02-12 21:28:37'),(15530,30,'Present','2025-02-12',NULL,NULL,'2025-02-12 11:50:59','2025-02-12 19:18:43'),(15531,29,'Present','2025-02-12',NULL,NULL,'2025-02-12 12:30:08','2025-02-12 15:51:18'),(15532,4,'Present','2025-02-12',NULL,NULL,'2025-02-12 20:40:25','2025-02-12 20:41:41'),(15533,13,'Present','2025-02-12',NULL,NULL,'2025-02-12 21:07:39','2025-02-12 21:07:39'),(15534,12,'Present','2025-02-13',NULL,NULL,'2025-02-13 00:01:57','2025-02-13 14:45:44'),(15535,13,'Present','2025-02-13',NULL,NULL,'2025-02-13 00:29:27','2025-02-13 21:34:32'),(15536,3,'Present','2025-02-13',NULL,NULL,'2025-02-13 00:40:58','2025-02-13 21:31:00'),(15537,103,'Present','2025-02-13',NULL,NULL,'2025-02-13 01:48:55','2025-02-13 23:50:11'),(15538,14,'Present','2025-02-13',NULL,NULL,'2025-02-13 06:12:20','2025-02-13 21:09:46'),(15539,30,'Present','2025-02-13',NULL,NULL,'2025-02-13 11:47:12','2025-02-13 21:06:21'),(15540,1,'Present','2025-02-13',NULL,NULL,'2025-02-13 13:54:00','2025-02-13 17:25:42'),(15541,27,'Present','2025-02-13',NULL,NULL,'2025-02-13 14:48:46','2025-02-13 21:17:47'),(15542,11,'Present','2025-02-13',NULL,NULL,'2025-02-13 14:48:51','2025-02-13 21:17:42'),(15543,105,'Present','2025-02-13',NULL,NULL,'2025-02-13 15:31:21','2025-02-13 15:31:21'),(15544,29,'Present','2025-02-13',NULL,NULL,'2025-02-13 15:34:13','2025-02-13 21:06:19'),(15545,8,'Present','2025-02-13',NULL,NULL,'2025-02-13 17:48:54','2025-02-13 21:40:43'),(15546,4,'Present','2025-02-13',NULL,NULL,'2025-02-13 20:36:39','2025-02-13 21:11:33'),(15547,19,'Present','2025-02-13',NULL,NULL,'2025-02-13 20:41:26','2025-02-13 20:41:26'),(15548,13,'Present','2025-02-14',NULL,NULL,'2025-02-14 00:42:09','2025-02-14 21:24:22'),(15549,3,'Present','2025-02-14',NULL,NULL,'2025-02-14 01:26:45','2025-02-14 07:25:23'),(15550,14,'Present','2025-02-14',NULL,NULL,'2025-02-14 01:42:28','2025-02-14 21:00:18'),(15551,103,'Present','2025-02-14',NULL,NULL,'2025-02-14 02:35:14','2025-02-14 07:25:41'),(15552,12,'Present','2025-02-14',NULL,NULL,'2025-02-14 03:13:43','2025-02-14 23:55:18'),(15553,4,'Present','2025-02-14',NULL,NULL,'2025-02-14 03:31:35','2025-02-14 23:46:40'),(15554,19,'Present','2025-02-14',NULL,NULL,'2025-02-14 06:48:54','2025-02-14 22:23:15'),(15555,29,'Present','2025-02-14',NULL,NULL,'2025-02-14 12:07:02','2025-02-14 21:04:16'),(15556,30,'Present','2025-02-14',NULL,NULL,'2025-02-14 14:48:52','2025-02-14 21:04:14'),(15557,27,'Present','2025-02-14',NULL,NULL,'2025-02-14 15:40:48','2025-02-14 23:00:15'),(15558,11,'Present','2025-02-14',NULL,NULL,'2025-02-14 15:40:52','2025-02-14 15:40:52'),(15559,5,'Present','2025-02-14',NULL,NULL,'2025-02-14 21:23:30','2025-02-14 21:23:30'),(15560,12,'Present','2025-02-15',NULL,NULL,'2025-02-15 00:07:56','2025-02-15 13:11:04'),(15561,3,'Present','2025-02-15',NULL,NULL,'2025-02-15 00:36:57','2025-02-15 07:01:30'),(15562,27,'Present','2025-02-15',NULL,NULL,'2025-02-15 00:49:09','2025-02-15 00:49:09'),(15563,11,'Present','2025-02-15',NULL,NULL,'2025-02-15 00:49:13','2025-02-15 00:49:13'),(15564,8,'Present','2025-02-15',NULL,NULL,'2025-02-15 01:20:57','2025-02-15 05:52:19'),(15565,14,'Present','2025-02-15',NULL,NULL,'2025-02-15 06:07:54','2025-02-15 06:07:54'),(15566,30,'Present','2025-02-17',NULL,NULL,'2025-02-17 12:20:13','2025-02-17 20:59:38'),(15567,1,'Present','2025-02-17',NULL,NULL,'2025-02-17 12:22:32','2025-02-17 16:35:31'),(15568,29,'Present','2025-02-17',NULL,NULL,'2025-02-17 12:25:38','2025-02-17 20:59:52'),(15569,12,'Present','2025-02-17',NULL,NULL,'2025-02-17 13:36:52','2025-02-17 23:49:47'),(15570,27,'Present','2025-02-17',NULL,NULL,'2025-02-17 15:32:25','2025-02-17 15:32:25'),(15571,11,'Present','2025-02-17',NULL,NULL,'2025-02-17 15:32:29','2025-02-17 15:32:29'),(15572,4,'Present','2025-02-17',NULL,NULL,'2025-02-17 21:02:54','2025-02-17 22:01:54'),(15573,14,'Present','2025-02-17',NULL,NULL,'2025-02-17 21:10:15','2025-02-17 21:10:15'),(15574,103,'Present','2025-02-17',NULL,NULL,'2025-02-17 21:28:17','2025-02-17 21:28:17'),(15575,13,'Present','2025-02-17',NULL,NULL,'2025-02-17 21:41:17','2025-02-17 21:41:17'),(15576,3,'Present','2025-02-17',NULL,NULL,'2025-02-17 21:49:16','2025-02-17 21:49:16'),(15577,19,'Present','2025-02-17',NULL,NULL,'2025-02-17 22:10:31','2025-02-17 23:14:10'),(15578,12,'Present','2025-02-18',NULL,NULL,'2025-02-18 00:04:34','2025-02-18 23:49:13'),(15579,13,'Present','2025-02-18',NULL,NULL,'2025-02-18 00:29:12','2025-02-18 06:01:41'),(15580,14,'Present','2025-02-18',NULL,NULL,'2025-02-18 00:36:31','2025-02-18 21:19:29'),(15581,3,'Present','2025-02-18',NULL,NULL,'2025-02-18 00:53:58','2025-02-18 21:44:43'),(15582,103,'Present','2025-02-18',NULL,NULL,'2025-02-18 01:19:34','2025-02-18 22:55:35'),(15583,27,'Present','2025-02-18',NULL,NULL,'2025-02-18 02:14:09','2025-02-18 16:31:52'),(15584,11,'Present','2025-02-18',NULL,NULL,'2025-02-18 02:14:13','2025-02-18 16:31:58'),(15585,19,'Present','2025-02-18',NULL,NULL,'2025-02-18 03:02:56','2025-02-18 23:02:39'),(15586,30,'Present','2025-02-18',NULL,NULL,'2025-02-18 11:50:22','2025-02-18 20:59:39'),(15587,29,'Present','2025-02-18',NULL,NULL,'2025-02-18 12:11:10','2025-02-18 20:59:38'),(15588,1,'Present','2025-02-18',NULL,NULL,'2025-02-18 13:03:10','2025-02-18 21:10:55'),(15589,105,'Present','2025-02-18',NULL,NULL,'2025-02-18 16:03:30','2025-02-18 16:50:15'),(15590,28,'Present','2025-02-18',NULL,NULL,'2025-02-18 16:51:47','2025-02-18 16:51:47'),(15591,4,'Present','2025-02-18',NULL,NULL,'2025-02-18 20:55:42','2025-02-18 21:52:03'),(15592,5,'Present','2025-02-18',NULL,NULL,'2025-02-18 21:46:11','2025-02-18 21:46:11'),(15593,27,'Present','2025-02-19',NULL,NULL,'2025-02-19 00:38:18','2025-02-19 21:52:56'),(15594,11,'Present','2025-02-19',NULL,NULL,'2025-02-19 00:38:26','2025-02-19 21:53:01'),(15595,14,'Present','2025-02-19',NULL,NULL,'2025-02-19 00:42:40','2025-02-19 21:14:45'),(15596,12,'Present','2025-02-19',NULL,NULL,'2025-02-19 00:43:55','2025-02-19 22:53:05'),(15597,19,'Present','2025-02-19',NULL,NULL,'2025-02-19 00:58:10','2025-02-19 22:45:30'),(15598,103,'Present','2025-02-19',NULL,NULL,'2025-02-19 01:34:11','2025-02-19 05:21:03'),(15599,29,'Present','2025-02-19',NULL,NULL,'2025-02-19 12:07:13','2025-02-19 20:57:41'),(15600,30,'Present','2025-02-19',NULL,NULL,'2025-02-19 12:26:21','2025-02-19 20:57:39'),(15601,13,'Present','2025-02-19',NULL,NULL,'2025-02-19 21:29:12','2025-02-19 21:29:12'),(15602,19,'Present','2025-02-20',NULL,NULL,'2025-02-20 00:11:07','2025-02-20 21:22:18'),(15603,12,'Present','2025-02-20',NULL,NULL,'2025-02-20 00:59:25','2025-02-20 22:12:27'),(15604,103,'Present','2025-02-20',NULL,NULL,'2025-02-20 01:46:30','2025-02-20 22:55:05'),(15605,3,'Present','2025-02-20',NULL,NULL,'2025-02-20 01:49:38','2025-02-20 23:19:49'),(15606,13,'Present','2025-02-20',NULL,NULL,'2025-02-20 04:07:50','2025-02-20 20:41:20'),(15607,4,'Present','2025-02-20',NULL,NULL,'2025-02-20 04:36:36','2025-02-20 21:55:21'),(15608,5,'Present','2025-02-20',NULL,NULL,'2025-02-20 06:06:23','2025-02-20 20:41:01'),(15609,14,'Present','2025-02-20',NULL,NULL,'2025-02-20 06:07:36','2025-02-20 21:26:47'),(15610,29,'Present','2025-02-20',NULL,NULL,'2025-02-20 12:05:23','2025-02-20 21:05:02'),(15611,30,'Present','2025-02-20',NULL,NULL,'2025-02-20 13:19:54','2025-02-20 21:05:06'),(15612,105,'Present','2025-02-20',NULL,NULL,'2025-02-20 13:34:09','2025-02-20 13:34:09'),(15613,27,'Present','2025-02-20',NULL,NULL,'2025-02-20 13:45:44','2025-02-20 21:34:09'),(15614,11,'Present','2025-02-20',NULL,NULL,'2025-02-20 13:45:51','2025-02-20 21:34:13'),(15615,12,'Present','2025-02-21',NULL,NULL,'2025-02-21 00:40:02','2025-02-21 23:43:49'),(15616,13,'Present','2025-02-21',NULL,NULL,'2025-02-21 00:43:41','2025-02-21 21:25:50'),(15617,19,'Present','2025-02-21',NULL,NULL,'2025-02-21 00:56:39','2025-02-21 23:39:19'),(15618,4,'Present','2025-02-21',NULL,NULL,'2025-02-21 01:05:01','2025-02-21 20:54:00'),(15619,103,'Present','2025-02-21',NULL,NULL,'2025-02-21 02:39:34','2025-02-21 06:51:55'),(15620,5,'Present','2025-02-21',NULL,NULL,'2025-02-21 02:59:20','2025-02-21 21:25:45'),(15621,3,'Present','2025-02-21',NULL,NULL,'2025-02-21 04:48:18','2025-02-21 23:08:14'),(15622,29,'Present','2025-02-21',NULL,NULL,'2025-02-21 12:20:30','2025-02-21 21:08:32'),(15623,27,'Present','2025-02-21',NULL,NULL,'2025-02-21 14:03:01','2025-02-21 22:34:09'),(15624,11,'Present','2025-02-21',NULL,NULL,'2025-02-21 14:03:04','2025-02-21 22:34:13'),(15625,30,'Present','2025-02-21',NULL,NULL,'2025-02-21 14:11:46','2025-02-21 21:09:47'),(15626,14,'Present','2025-02-21',NULL,NULL,'2025-02-21 21:27:23','2025-02-21 21:27:23'),(15627,105,'Present','2025-02-21',NULL,NULL,'2025-02-21 23:04:40','2025-02-21 23:04:40'),(15628,13,'Present','2025-02-22',NULL,NULL,'2025-02-22 00:52:45','2025-02-22 04:28:54'),(15629,12,'Present','2025-02-22',NULL,NULL,'2025-02-22 00:55:04','2025-02-22 09:38:46'),(15630,4,'Present','2025-02-22',NULL,NULL,'2025-02-22 00:57:49','2025-02-22 06:16:53'),(15631,3,'Present','2025-02-22',NULL,NULL,'2025-02-22 01:14:25','2025-02-22 03:51:28'),(15632,105,'Present','2025-02-22',NULL,NULL,'2025-02-22 02:09:48','2025-02-22 05:38:47'),(15633,19,'Present','2025-02-22',NULL,NULL,'2025-02-22 02:26:20','2025-02-22 04:58:06'),(15634,103,'Present','2025-02-22',NULL,NULL,'2025-02-22 02:54:45','2025-02-22 05:37:54'),(15635,14,'Present','2025-02-22',NULL,NULL,'2025-02-22 04:28:12','2025-02-22 05:29:31'),(15636,5,'Present','2025-02-22',NULL,NULL,'2025-02-22 05:39:52','2025-02-22 05:39:52'),(15637,30,'Present','2025-02-24',NULL,NULL,'2025-02-24 11:57:38','2025-02-24 21:08:02'),(15638,29,'Present','2025-02-24',NULL,NULL,'2025-02-24 12:19:12','2025-02-24 21:07:36'),(15639,12,'Present','2025-02-24',NULL,NULL,'2025-02-24 12:40:39','2025-02-24 23:56:44'),(15640,27,'Present','2025-02-24',NULL,NULL,'2025-02-24 14:04:28','2025-02-24 23:27:41'),(15641,11,'Present','2025-02-24',NULL,NULL,'2025-02-24 14:04:38','2025-02-24 23:27:46'),(15642,1,'Present','2025-02-24',NULL,NULL,'2025-02-24 15:04:23','2025-02-24 19:05:19'),(15643,105,'Present','2025-02-24',NULL,NULL,'2025-02-24 18:18:04','2025-02-24 18:18:04'),(15644,19,'Present','2025-02-24',NULL,NULL,'2025-02-24 20:46:18','2025-02-24 20:46:19'),(15645,4,'Present','2025-02-24',NULL,NULL,'2025-02-24 20:57:36','2025-02-24 20:57:36'),(15646,13,'Present','2025-02-24',NULL,NULL,'2025-02-24 21:12:53','2025-02-24 21:12:53'),(15647,3,'Present','2025-02-24',NULL,NULL,'2025-02-24 21:55:52','2025-02-24 22:31:19'),(15648,13,'Present','2025-02-25',NULL,NULL,'2025-02-25 00:22:20','2025-02-25 21:44:48'),(15649,4,'Present','2025-02-25',NULL,NULL,'2025-02-25 00:58:01','2025-02-25 00:58:01'),(15650,19,'Present','2025-02-25',NULL,NULL,'2025-02-25 01:01:34','2025-02-25 21:29:59'),(15651,103,'Present','2025-02-25',NULL,NULL,'2025-02-25 01:28:46','2025-02-25 22:53:11'),(15652,12,'Present','2025-02-25',NULL,NULL,'2025-02-25 01:54:05','2025-02-25 23:07:42'),(15653,3,'Present','2025-02-25',NULL,NULL,'2025-02-25 03:50:06','2025-02-25 03:50:06'),(15654,5,'Present','2025-02-25',NULL,NULL,'2025-02-25 04:06:41','2025-02-25 04:06:41'),(15655,29,'Present','2025-02-25',NULL,NULL,'2025-02-25 12:07:36','2025-02-25 21:01:45'),(15656,30,'Present','2025-02-25',NULL,NULL,'2025-02-25 12:07:37','2025-02-25 21:01:47'),(15657,27,'Present','2025-02-25',NULL,NULL,'2025-02-25 13:55:22','2025-02-25 22:53:00'),(15658,11,'Present','2025-02-25',NULL,NULL,'2025-02-25 13:55:27','2025-02-25 22:53:05'),(15659,10,'Present','2025-02-25',NULL,NULL,'2025-02-25 21:18:25','2025-02-25 21:18:27'),(15660,14,'Present','2025-02-25',NULL,NULL,'2025-02-25 21:46:49','2025-02-25 21:46:49'),(15661,14,'Present','2025-02-26',NULL,NULL,'2025-02-26 00:57:16','2025-02-26 21:40:58'),(15662,103,'Present','2025-02-26',NULL,NULL,'2025-02-26 01:04:39','2025-02-26 23:37:24'),(15663,12,'Present','2025-02-26',NULL,NULL,'2025-02-26 03:31:27','2025-02-26 22:58:49'),(15664,19,'Present','2025-02-26',NULL,NULL,'2025-02-26 04:08:56','2025-02-26 22:32:15'),(15665,13,'Present','2025-02-26',NULL,NULL,'2025-02-26 06:46:53','2025-02-26 21:05:12'),(15666,29,'Present','2025-02-26',NULL,NULL,'2025-02-26 12:04:18','2025-02-26 21:05:51'),(15667,30,'Present','2025-02-26',NULL,NULL,'2025-02-26 12:04:19','2025-02-26 21:09:57'),(15668,105,'Present','2025-02-26',NULL,NULL,'2025-02-26 13:21:00','2025-02-26 13:21:00'),(15669,1,'Present','2025-02-26',NULL,NULL,'2025-02-26 14:33:41','2025-02-26 14:33:43'),(15670,11,'Present','2025-02-26',NULL,NULL,'2025-02-26 14:35:38','2025-02-26 14:35:38'),(15671,27,'Present','2025-02-26',NULL,NULL,'2025-02-26 14:35:48','2025-02-26 14:35:48'),(15672,4,'Present','2025-02-26',NULL,NULL,'2025-02-26 20:59:13','2025-02-26 20:59:14'),(15673,10,'Present','2025-02-26',NULL,NULL,'2025-02-26 21:43:13','2025-02-26 21:43:13'),(15674,3,'Present','2025-02-26',NULL,NULL,'2025-02-26 22:17:55','2025-02-26 22:17:55'),(15675,12,'Present','2025-02-27',NULL,NULL,'2025-02-27 00:03:47','2025-02-27 23:15:51'),(15676,27,'Present','2025-02-27',NULL,NULL,'2025-02-27 00:07:24','2025-02-27 23:18:17'),(15677,11,'Present','2025-02-27',NULL,NULL,'2025-02-27 00:07:27','2025-02-27 23:18:21'),(15678,103,'Present','2025-02-27',NULL,NULL,'2025-02-27 00:56:45','2025-02-27 21:52:44'),(15679,13,'Present','2025-02-27',NULL,NULL,'2025-02-27 01:02:51','2025-02-27 21:28:58'),(15680,3,'Present','2025-02-27',NULL,NULL,'2025-02-27 01:21:25','2025-02-27 22:07:55'),(15681,19,'Present','2025-02-27',NULL,NULL,'2025-02-27 03:12:41','2025-02-27 22:06:24'),(15682,8,'Present','2025-02-27',NULL,NULL,'2025-02-27 03:59:49','2025-02-27 05:47:22'),(15683,14,'Present','2025-02-27',NULL,NULL,'2025-02-27 04:31:53','2025-02-27 04:31:54'),(15684,29,'Present','2025-02-27',NULL,NULL,'2025-02-27 12:04:30','2025-02-27 20:58:57'),(15685,30,'Present','2025-02-27',NULL,NULL,'2025-02-27 12:04:31','2025-02-27 21:07:28'),(15686,1,'Present','2025-02-27',NULL,NULL,'2025-02-27 12:13:24','2025-02-27 17:42:54'),(15687,4,'Present','2025-02-27',NULL,NULL,'2025-02-27 21:00:15','2025-02-27 21:00:15'),(15688,105,'Present','2025-02-27',NULL,NULL,'2025-02-27 21:57:41','2025-02-27 21:57:41'),(15689,10,'Present','2025-02-27',NULL,NULL,'2025-02-27 22:35:12','2025-02-27 23:07:56'),(15690,5,'Present','2025-02-27',NULL,NULL,'2025-02-27 23:01:03','2025-02-27 23:01:03'),(15691,103,'Present','2025-02-28',NULL,NULL,'2025-02-28 00:10:54','2025-02-28 02:03:47'),(15692,12,'Present','2025-02-28',NULL,NULL,'2025-02-28 00:12:33','2025-02-28 22:52:46'),(15693,10,'Present','2025-02-28',NULL,NULL,'2025-02-28 00:23:41','2025-02-28 21:51:17'),(15694,19,'Present','2025-02-28',NULL,NULL,'2025-02-28 01:24:53','2025-02-28 22:53:29'),(15695,13,'Present','2025-02-28',NULL,NULL,'2025-02-28 06:13:50','2025-02-28 21:25:12'),(15696,30,'Present','2025-02-28',NULL,NULL,'2025-02-28 11:50:05','2025-02-28 21:48:57'),(15697,29,'Present','2025-02-28',NULL,NULL,'2025-02-28 12:15:59','2025-02-28 21:15:22'),(15698,27,'Present','2025-02-28',NULL,NULL,'2025-02-28 14:44:20','2025-02-28 23:46:47'),(15699,11,'Present','2025-02-28',NULL,NULL,'2025-02-28 14:44:27','2025-02-28 23:46:54'),(15700,105,'Present','2025-02-28',NULL,NULL,'2025-02-28 18:05:15','2025-02-28 23:57:11'),(15701,1,'Present','2025-02-28',NULL,NULL,'2025-02-28 18:34:00','2025-02-28 20:57:47'),(15702,14,'Present','2025-02-28',NULL,NULL,'2025-02-28 21:22:37','2025-02-28 21:22:37'),(15703,3,'Present','2025-02-28',NULL,NULL,'2025-02-28 21:47:50','2025-02-28 23:02:21'),(15704,5,'Present','2025-02-28',NULL,NULL,'2025-02-28 22:46:40','2025-02-28 22:46:40'),(15705,1,'Present','2025-03-01',NULL,NULL,'2025-03-01 00:34:19','2025-03-01 02:10:37'),(15706,8,'Present','2025-03-01',NULL,NULL,'2025-03-01 00:40:44','2025-03-01 06:59:24'),(15707,12,'Present','2025-03-01',NULL,NULL,'2025-03-01 00:44:25','2025-03-01 07:03:37'),(15708,19,'Present','2025-03-01',NULL,NULL,'2025-03-01 01:36:01','2025-03-01 02:20:24'),(15709,103,'Present','2025-03-01',NULL,NULL,'2025-03-01 02:29:46','2025-03-01 06:50:36'),(15710,10,'Present','2025-03-01',NULL,NULL,'2025-03-01 04:49:22','2025-03-01 04:49:22'),(15711,14,'Present','2025-03-01',NULL,NULL,'2025-03-01 04:50:16','2025-03-01 04:50:16'),(15712,13,'Present','2025-03-01',NULL,NULL,'2025-03-01 06:10:08','2025-03-01 07:00:18'),(15713,16,'Present','2025-03-01',NULL,NULL,'2025-03-01 07:00:07','2025-03-01 07:00:07'),(15714,12,'Present','2025-03-03',NULL,NULL,'2025-03-03 05:15:35','2025-03-03 19:49:10'),(15715,27,'Present','2025-03-03',NULL,NULL,'2025-03-03 10:11:31','2025-03-03 17:15:17'),(15716,11,'Present','2025-03-03',NULL,NULL,'2025-03-03 10:11:40','2025-03-03 17:15:21'),(15717,30,'Present','2025-03-03',NULL,NULL,'2025-03-03 10:16:57','2025-03-03 10:16:57'),(15718,29,'Present','2025-03-03',NULL,NULL,'2025-03-03 10:20:34','2025-03-03 17:14:02'),(15719,13,'Present','2025-03-03',NULL,NULL,'2025-03-03 20:28:15','2025-03-03 22:56:17'),(15720,5,'Present','2025-03-03',NULL,NULL,'2025-03-03 20:33:44','2025-03-03 20:33:44'),(15721,10,'Present','2025-03-03',NULL,NULL,'2025-03-03 20:34:14','2025-03-03 20:34:14'),(15722,4,'Present','2025-03-03',NULL,NULL,'2025-03-03 20:37:32','2025-03-03 20:37:32'),(15723,16,'Present','2025-03-03',NULL,NULL,'2025-03-03 20:48:18','2025-03-03 22:53:58'),(15724,3,'Present','2025-03-03',NULL,NULL,'2025-03-03 21:21:28','2025-03-03 21:21:28'),(15725,19,'Present','2025-03-03',NULL,NULL,'2025-03-03 23:55:32','2025-03-03 23:55:32'),(15726,10,'Present','2025-03-04',NULL,NULL,'2025-03-04 00:05:14','2025-03-04 21:17:05'),(15727,13,'Present','2025-03-04',NULL,NULL,'2025-03-04 00:42:06','2025-03-04 21:22:00'),(15728,16,'Present','2025-03-04',NULL,NULL,'2025-03-04 00:42:09','2025-03-04 20:53:40'),(15729,12,'Present','2025-03-04',NULL,NULL,'2025-03-04 00:58:40','2025-03-04 23:42:51'),(15730,19,'Present','2025-03-04',NULL,NULL,'2025-03-04 01:47:51','2025-03-04 21:19:32'),(15731,4,'Present','2025-03-04',NULL,NULL,'2025-03-04 02:57:05','2025-03-04 20:48:09'),(15732,29,'Present','2025-03-04',NULL,NULL,'2025-03-04 10:19:46','2025-03-04 17:10:49'),(15733,27,'Present','2025-03-04',NULL,NULL,'2025-03-04 10:28:14','2025-03-04 17:21:35'),(15734,11,'Present','2025-03-04',NULL,NULL,'2025-03-04 10:28:19','2025-03-04 17:21:32'),(15735,30,'Present','2025-03-04',NULL,NULL,'2025-03-04 10:31:26','2025-03-04 17:10:44'),(15736,5,'Present','2025-03-04',NULL,NULL,'2025-03-04 21:13:54','2025-03-04 21:13:54'),(15737,3,'Present','2025-03-04',NULL,NULL,'2025-03-04 21:25:59','2025-03-04 21:25:59'),(15738,8,'Present','2025-03-04',NULL,NULL,'2025-03-04 23:34:19','2025-03-04 23:34:19'),(15739,14,'Present','2025-03-04',NULL,NULL,'2025-03-04 23:35:06','2025-03-04 23:35:06'),(15740,103,'Present','2025-03-04',NULL,NULL,'2025-03-04 23:41:46','2025-03-04 23:41:48'),(15741,12,'Present','2025-03-05',NULL,NULL,'2025-03-05 01:00:23','2025-03-05 23:17:59'),(15742,14,'Present','2025-03-05',NULL,NULL,'2025-03-05 01:15:12','2025-03-05 23:51:18'),(15743,3,'Present','2025-03-05',NULL,NULL,'2025-03-05 01:15:13','2025-03-05 03:47:04'),(15744,103,'Present','2025-03-05',NULL,NULL,'2025-03-05 02:27:12','2025-03-05 23:46:23'),(15745,19,'Present','2025-03-05',NULL,NULL,'2025-03-05 02:43:14','2025-03-05 21:15:55'),(15746,13,'Present','2025-03-05',NULL,NULL,'2025-03-05 03:36:16','2025-03-05 20:47:33'),(15747,16,'Present','2025-03-05',NULL,NULL,'2025-03-05 03:36:21','2025-03-05 21:54:13'),(15748,29,'Present','2025-03-05',NULL,NULL,'2025-03-05 10:11:07','2025-03-05 17:15:25'),(15749,30,'Present','2025-03-05',NULL,NULL,'2025-03-05 10:23:06','2025-03-05 15:06:31'),(15750,27,'Present','2025-03-05',NULL,NULL,'2025-03-05 10:32:26','2025-03-05 17:15:28'),(15751,11,'Present','2025-03-05',NULL,NULL,'2025-03-05 10:33:16','2025-03-05 17:15:35'),(15752,4,'Present','2025-03-05',NULL,NULL,'2025-03-05 20:55:18','2025-03-05 20:55:18'),(15753,10,'Present','2025-03-05',NULL,NULL,'2025-03-05 21:19:19','2025-03-05 21:19:19'),(15754,12,'Present','2025-03-06',NULL,NULL,'2025-03-06 00:36:43','2025-03-06 23:49:02'),(15755,4,'Present','2025-03-06',NULL,NULL,'2025-03-06 03:22:18','2025-03-06 20:49:36'),(15756,29,'Present','2025-03-06',NULL,NULL,'2025-03-06 10:35:16','2025-03-06 16:07:35'),(15757,27,'Present','2025-03-06',NULL,NULL,'2025-03-06 10:41:35','2025-03-06 17:22:31'),(15758,11,'Present','2025-03-06',NULL,NULL,'2025-03-06 10:41:39','2025-03-06 17:22:43'),(15759,30,'Present','2025-03-06',NULL,NULL,'2025-03-06 10:51:47','2025-03-06 17:19:36'),(15760,1,'Present','2025-03-06',NULL,NULL,'2025-03-06 17:39:02','2025-03-06 17:39:02'),(15761,5,'Present','2025-03-06',NULL,NULL,'2025-03-06 20:47:09','2025-03-06 20:47:09'),(15762,13,'Present','2025-03-06',NULL,NULL,'2025-03-06 20:47:56','2025-03-06 21:34:32'),(15763,10,'Present','2025-03-06',NULL,NULL,'2025-03-06 20:58:05','2025-03-06 20:58:05'),(15764,3,'Present','2025-03-06',NULL,NULL,'2025-03-06 21:30:46','2025-03-06 22:10:54'),(15765,16,'Present','2025-03-06',NULL,NULL,'2025-03-06 21:34:57','2025-03-06 21:34:57'),(15766,8,'Present','2025-03-06',NULL,NULL,'2025-03-06 23:33:13','2025-03-06 23:33:13'),(15767,103,'Present','2025-03-06',NULL,NULL,'2025-03-06 23:50:23','2025-03-06 23:50:23'),(15768,16,'Present','2025-03-07',NULL,NULL,'2025-03-07 00:16:06','2025-03-07 20:51:02'),(15769,3,'Present','2025-03-07',NULL,NULL,'2025-03-07 00:19:30','2025-03-07 21:20:16'),(15770,5,'Present','2025-03-07',NULL,NULL,'2025-03-07 00:22:37','2025-03-07 00:22:37'),(15771,4,'Present','2025-03-07',NULL,NULL,'2025-03-07 00:23:23','2025-03-07 00:25:12'),(15772,19,'Present','2025-03-07',NULL,NULL,'2025-03-07 00:47:10','2025-03-07 23:16:15'),(15773,12,'Present','2025-03-07',NULL,NULL,'2025-03-07 00:56:20','2025-03-07 23:34:30'),(15774,8,'Present','2025-03-07',NULL,NULL,'2025-03-07 01:58:35','2025-03-07 01:58:35'),(15775,13,'Present','2025-03-07',NULL,NULL,'2025-03-07 03:43:05','2025-03-07 20:47:07'),(15776,11,'Present','2025-03-07',NULL,NULL,'2025-03-07 10:28:33','2025-03-07 10:28:33'),(15777,30,'Present','2025-03-07',NULL,NULL,'2025-03-07 10:51:57','2025-03-07 10:51:57'),(15778,10,'Present','2025-03-07',NULL,NULL,'2025-03-07 21:15:41','2025-03-07 21:15:41'),(15779,103,'Present','2025-03-07',NULL,NULL,'2025-03-07 23:31:38','2025-03-07 23:31:40'),(15780,103,'Present','2025-03-08',NULL,NULL,'2025-03-08 00:03:58','2025-03-08 02:58:37'),(15781,12,'Present','2025-03-08',NULL,NULL,'2025-03-08 00:33:57','2025-03-08 17:42:05'),(15782,16,'Present','2025-03-08',NULL,NULL,'2025-03-08 03:37:16','2025-03-08 03:37:16'),(15783,12,'Present','2025-03-10',NULL,NULL,'2025-03-10 08:02:50','2025-03-10 21:58:04'),(15784,30,'Present','2025-03-10',NULL,NULL,'2025-03-10 10:08:55','2025-03-10 15:04:16'),(15785,27,'Present','2025-03-10',NULL,NULL,'2025-03-10 10:29:08','2025-03-10 17:16:54'),(15786,11,'Present','2025-03-10',NULL,NULL,'2025-03-10 10:29:11','2025-03-10 17:17:03'),(15787,29,'Present','2025-03-10',NULL,NULL,'2025-03-10 11:16:38','2025-03-10 16:58:33'),(15788,4,'Present','2025-03-10',NULL,NULL,'2025-03-10 20:52:11','2025-03-10 20:52:13'),(15789,13,'Present','2025-03-10',NULL,NULL,'2025-03-10 21:02:18','2025-03-10 21:02:24'),(15790,10,'Present','2025-03-10',NULL,NULL,'2025-03-10 21:04:43','2025-03-10 21:04:43'),(15791,3,'Present','2025-03-10',NULL,NULL,'2025-03-10 21:29:57','2025-03-10 21:29:57'),(15792,14,'Present','2025-03-10',NULL,NULL,'2025-03-10 23:37:20','2025-03-10 23:37:20'),(15793,103,'Present','2025-03-10',NULL,NULL,'2025-03-10 23:49:51','2025-03-10 23:49:51'),(15794,3,'Present','2025-03-11',NULL,NULL,'2025-03-11 00:19:31','2025-03-11 21:59:12'),(15795,16,'Present','2025-03-11',NULL,NULL,'2025-03-11 00:23:40','2025-03-11 21:40:33'),(15796,19,'Present','2025-03-11',NULL,NULL,'2025-03-11 00:26:26','2025-03-11 00:26:26'),(15797,13,'Present','2025-03-11',NULL,NULL,'2025-03-11 00:45:35','2025-03-11 20:58:02'),(15798,12,'Present','2025-03-11',NULL,NULL,'2025-03-11 00:58:48','2025-03-11 23:51:47'),(15799,10,'Present','2025-03-11',NULL,NULL,'2025-03-11 02:25:47','2025-03-11 21:27:15'),(15800,103,'Present','2025-03-11',NULL,NULL,'2025-03-11 02:49:06','2025-03-11 23:35:51'),(15801,5,'Present','2025-03-11',NULL,NULL,'2025-03-11 03:35:05','2025-03-11 03:35:19'),(15802,30,'Present','2025-03-11',NULL,NULL,'2025-03-11 10:00:34','2025-03-11 17:16:22'),(15803,29,'Present','2025-03-11',NULL,NULL,'2025-03-11 10:13:15','2025-03-11 17:16:20'),(15804,11,'Present','2025-03-11',NULL,NULL,'2025-03-11 10:59:23','2025-03-11 17:18:00'),(15805,27,'Present','2025-03-11',NULL,NULL,'2025-03-11 10:59:29','2025-03-11 17:17:58'),(15806,4,'Present','2025-03-11',NULL,NULL,'2025-03-11 20:52:15','2025-03-11 20:52:15'),(15807,8,'Present','2025-03-11',NULL,NULL,'2025-03-11 23:31:41','2025-03-11 23:31:41'),(15808,14,'Present','2025-03-11',NULL,NULL,'2025-03-11 23:59:02','2025-03-11 23:59:02'),(15809,4,'Present','2025-03-12',NULL,NULL,'2025-03-12 00:03:30','2025-03-12 20:54:40'),(15810,10,'Present','2025-03-12',NULL,NULL,'2025-03-12 00:20:15','2025-03-12 23:17:03'),(15811,19,'Present','2025-03-12',NULL,NULL,'2025-03-12 01:20:53','2025-03-12 03:03:20'),(15812,3,'Present','2025-03-12',NULL,NULL,'2025-03-12 01:49:41','2025-03-12 21:39:51'),(15813,12,'Present','2025-03-12',NULL,NULL,'2025-03-12 01:50:00','2025-03-12 22:02:25'),(15814,103,'Present','2025-03-12',NULL,NULL,'2025-03-12 02:53:40','2025-03-12 03:42:55'),(15815,30,'Present','2025-03-12',NULL,NULL,'2025-03-12 10:21:11','2025-03-12 15:04:59'),(15816,11,'Present','2025-03-12',NULL,NULL,'2025-03-12 10:51:37','2025-03-12 17:26:07'),(15817,27,'Present','2025-03-12',NULL,NULL,'2025-03-12 10:51:40','2025-03-12 17:26:11'),(15818,13,'Present','2025-03-12',NULL,NULL,'2025-03-12 21:04:36','2025-03-12 21:04:36'),(15819,16,'Present','2025-03-12',NULL,NULL,'2025-03-12 22:29:40','2025-03-12 22:29:40'),(15820,13,'Present','2025-03-13',NULL,NULL,'2025-03-13 01:10:28','2025-03-13 21:00:12'),(15821,16,'Present','2025-03-13',NULL,NULL,'2025-03-13 01:14:14','2025-03-13 22:09:18'),(15822,19,'Present','2025-03-13',NULL,NULL,'2025-03-13 01:47:31','2025-03-13 22:26:56'),(15823,3,'Present','2025-03-13',NULL,NULL,'2025-03-13 01:50:15','2025-03-13 21:54:56'),(15824,12,'Present','2025-03-13',NULL,NULL,'2025-03-13 02:05:06','2025-03-13 22:38:18'),(15825,5,'Present','2025-03-13',NULL,NULL,'2025-03-13 03:41:23','2025-03-13 03:41:23'),(15826,29,'Present','2025-03-13',NULL,NULL,'2025-03-13 10:08:52','2025-03-13 10:08:52'),(15827,30,'Present','2025-03-13',NULL,NULL,'2025-03-13 10:11:05','2025-03-13 10:11:05'),(15828,27,'Present','2025-03-13',NULL,NULL,'2025-03-13 10:55:50','2025-03-13 17:23:17'),(15829,11,'Present','2025-03-13',NULL,NULL,'2025-03-13 10:55:54','2025-03-13 17:23:20'),(15830,4,'Present','2025-03-13',NULL,NULL,'2025-03-13 20:56:25','2025-03-13 20:56:25'),(15831,14,'Present','2025-03-14',NULL,NULL,'2025-03-14 00:19:11','2025-03-14 00:19:11'),(15832,12,'Present','2025-03-14',NULL,NULL,'2025-03-14 01:12:50','2025-03-14 23:26:41'),(15833,103,'Present','2025-03-14',NULL,NULL,'2025-03-14 01:34:54','2025-03-14 23:44:28'),(15834,4,'Present','2025-03-14',NULL,NULL,'2025-03-14 02:06:15','2025-03-14 20:52:56'),(15835,8,'Present','2025-03-14',NULL,NULL,'2025-03-14 03:03:37','2025-03-14 03:03:37'),(15836,28,'Present','2025-03-14',NULL,NULL,'2025-03-14 03:26:27','2025-03-14 03:26:27'),(15837,29,'Present','2025-03-14',NULL,NULL,'2025-03-14 10:33:33','2025-03-14 17:30:19'),(15838,30,'Present','2025-03-14',NULL,NULL,'2025-03-14 10:51:03','2025-03-14 17:30:18'),(15839,27,'Present','2025-03-14',NULL,NULL,'2025-03-14 11:15:19','2025-03-14 17:29:25'),(15840,11,'Present','2025-03-14',NULL,NULL,'2025-03-14 11:15:23','2025-03-14 17:29:22'),(15841,16,'Present','2025-03-14',NULL,NULL,'2025-03-14 21:27:22','2025-03-14 21:27:22'),(15842,5,'Present','2025-03-14',NULL,NULL,'2025-03-14 21:29:08','2025-03-14 21:29:08'),(15843,13,'Present','2025-03-14',NULL,NULL,'2025-03-14 21:29:10','2025-03-14 21:29:10'),(15844,12,'Present','2025-03-15',NULL,NULL,'2025-03-15 00:09:17','2025-03-15 14:16:34'),(15845,13,'Present','2025-03-15',NULL,NULL,'2025-03-15 00:28:03','2025-03-15 00:28:03'),(15846,14,'Present','2025-03-15',NULL,NULL,'2025-03-15 00:58:49','2025-03-15 03:40:33'),(15847,16,'Present','2025-03-15',NULL,NULL,'2025-03-15 03:40:29','2025-03-15 03:40:29'),(15848,12,'Present','2025-03-17',NULL,NULL,'2025-03-17 06:23:16','2025-03-17 23:18:17'),(15849,30,'Present','2025-03-17',NULL,NULL,'2025-03-17 10:13:43','2025-03-17 16:56:14'),(15850,27,'Present','2025-03-17',NULL,NULL,'2025-03-17 10:47:00','2025-03-17 17:15:34'),(15851,19,'Present','2025-03-17',NULL,NULL,'2025-03-17 20:26:55','2025-03-17 20:26:55'),(15852,4,'Present','2025-03-17',NULL,NULL,'2025-03-17 21:01:45','2025-03-17 22:38:02'),(15853,13,'Present','2025-03-17',NULL,NULL,'2025-03-17 21:16:29','2025-03-17 23:32:03'),(15854,10,'Present','2025-03-17',NULL,NULL,'2025-03-17 21:22:41','2025-03-17 21:22:41'),(15855,16,'Present','2025-03-17',NULL,NULL,'2025-03-17 21:38:02','2025-03-17 21:38:02'),(15856,5,'Present','2025-03-17',NULL,NULL,'2025-03-17 21:44:06','2025-03-17 21:44:06'),(15857,103,'Present','2025-03-18',NULL,NULL,'2025-03-18 00:31:12','2025-03-18 21:30:58'),(15858,16,'Present','2025-03-18',NULL,NULL,'2025-03-18 01:09:25','2025-03-18 22:17:28'),(15859,14,'Present','2025-03-18',NULL,NULL,'2025-03-18 01:16:25','2025-03-18 22:17:26'),(15860,3,'Present','2025-03-18',NULL,NULL,'2025-03-18 02:31:48','2025-03-18 21:54:52'),(15861,10,'Present','2025-03-18',NULL,NULL,'2025-03-18 03:02:20','2025-03-18 22:04:00'),(15862,19,'Present','2025-03-18',NULL,NULL,'2025-03-18 03:08:28','2025-03-18 03:08:28'),(15863,12,'Present','2025-03-18',NULL,NULL,'2025-03-18 03:15:46','2025-03-18 23:32:29'),(15864,5,'Present','2025-03-18',NULL,NULL,'2025-03-18 03:43:31','2025-03-18 03:43:31'),(15865,29,'Present','2025-03-18',NULL,NULL,'2025-03-18 10:28:37','2025-03-18 17:28:38'),(15866,27,'Present','2025-03-18',NULL,NULL,'2025-03-18 10:28:42','2025-03-18 17:28:50'),(15867,30,'Present','2025-03-18',NULL,NULL,'2025-03-18 10:37:38','2025-03-18 17:28:29'),(15868,4,'Present','2025-03-18',NULL,NULL,'2025-03-18 21:04:35','2025-03-18 21:04:35'),(15869,13,'Present','2025-03-18',NULL,NULL,'2025-03-18 21:37:01','2025-03-18 21:37:01'),(15870,14,'Present','2025-03-19',NULL,NULL,'2025-03-19 00:00:28','2025-03-19 01:12:55'),(15871,16,'Present','2025-03-19',NULL,NULL,'2025-03-19 00:00:35','2025-03-19 00:00:35'),(15872,3,'Present','2025-03-19',NULL,NULL,'2025-03-19 00:01:13','2025-03-19 22:20:14'),(15873,10,'Present','2025-03-19',NULL,NULL,'2025-03-19 00:15:57','2025-03-19 22:30:15'),(15874,19,'Present','2025-03-19',NULL,NULL,'2025-03-19 01:21:25','2025-03-19 01:21:25'),(15875,12,'Present','2025-03-19',NULL,NULL,'2025-03-19 01:58:22','2025-03-19 20:57:41'),(15876,103,'Present','2025-03-19',NULL,NULL,'2025-03-19 02:33:43','2025-03-19 21:49:37'),(15877,30,'Present','2025-03-19',NULL,NULL,'2025-03-19 10:34:54','2025-03-19 17:26:29'),(15878,27,'Present','2025-03-19',NULL,NULL,'2025-03-19 10:36:10','2025-03-19 17:25:53'),(15879,29,'Present','2025-03-19',NULL,NULL,'2025-03-19 11:05:16','2025-03-19 17:26:32'),(15880,13,'Present','2025-03-19',NULL,NULL,'2025-03-19 21:17:19','2025-03-19 21:17:19'),(15881,4,'Present','2025-03-19',NULL,NULL,'2025-03-19 21:29:48','2025-03-19 21:29:48'),(15882,4,'Present','2025-03-20',NULL,NULL,'2025-03-20 00:00:38','2025-03-20 21:01:15'),(15883,13,'Present','2025-03-20',NULL,NULL,'2025-03-20 00:26:39','2025-03-20 21:14:37'),(15884,14,'Present','2025-03-20',NULL,NULL,'2025-03-20 00:28:32','2025-03-20 21:17:34'),(15885,12,'Present','2025-03-20',NULL,NULL,'2025-03-20 00:29:24','2025-03-20 23:02:33'),(15886,5,'Present','2025-03-20',NULL,NULL,'2025-03-20 01:56:21','2025-03-20 01:56:21'),(15887,29,'Present','2025-03-20',NULL,NULL,'2025-03-20 10:31:05','2025-03-20 16:57:45'),(15888,27,'Present','2025-03-20',NULL,NULL,'2025-03-20 11:13:13','2025-03-20 17:10:16'),(15889,105,'Present','2025-03-20',NULL,NULL,'2025-03-20 17:02:02','2025-03-20 17:02:02'),(15890,16,'Present','2025-03-20',NULL,NULL,'2025-03-20 21:17:36','2025-03-20 21:17:36'),(15891,19,'Present','2025-03-20',NULL,NULL,'2025-03-20 21:49:15','2025-03-20 21:49:15'),(15892,103,'Present','2025-03-20',NULL,NULL,'2025-03-20 22:51:14','2025-03-20 22:51:14'),(15893,103,'Present','2025-03-21',NULL,NULL,'2025-03-21 00:00:01','2025-03-21 02:47:46'),(15894,12,'Present','2025-03-21',NULL,NULL,'2025-03-21 00:11:38','2025-03-21 23:58:27'),(15895,13,'Present','2025-03-21',NULL,NULL,'2025-03-21 00:32:56','2025-03-21 21:33:11'),(15896,19,'Present','2025-03-21',NULL,NULL,'2025-03-21 00:34:51','2025-03-21 21:20:46'),(15897,14,'Present','2025-03-21',NULL,NULL,'2025-03-21 00:45:46','2025-03-21 23:59:41'),(15898,5,'Present','2025-03-21',NULL,NULL,'2025-03-21 01:23:26','2025-03-21 21:32:38'),(15899,16,'Present','2025-03-21',NULL,NULL,'2025-03-21 03:06:04','2025-03-21 21:00:38'),(15900,30,'Present','2025-03-21',NULL,NULL,'2025-03-21 10:11:40','2025-03-21 17:01:42'),(15901,29,'Present','2025-03-21',NULL,NULL,'2025-03-21 10:37:40','2025-03-21 17:01:45'),(15902,27,'Present','2025-03-21',NULL,NULL,'2025-03-21 11:18:25','2025-03-21 17:23:56'),(15903,11,'Present','2025-03-21',NULL,NULL,'2025-03-21 11:18:29','2025-03-21 17:23:53'),(15904,10,'Present','2025-03-21',NULL,NULL,'2025-03-21 20:50:51','2025-03-21 20:50:51'),(15905,3,'Present','2025-03-21',NULL,NULL,'2025-03-21 21:46:16','2025-03-21 21:46:16'),(15906,103,'Present','2025-03-22',NULL,NULL,'2025-03-22 00:31:07','2025-03-22 02:36:03'),(15907,12,'Present','2025-03-22',NULL,NULL,'2025-03-22 01:04:48','2025-03-22 05:30:49'),(15908,3,'Present','2025-03-22',NULL,NULL,'2025-03-22 01:48:43','2025-03-22 02:52:29'),(15909,19,'Present','2025-03-22',NULL,NULL,'2025-03-22 02:14:48','2025-03-22 02:14:48'),(15910,4,'Present','2025-03-22',NULL,NULL,'2025-03-22 02:46:25','2025-03-22 02:46:27'),(15911,13,'Present','2025-03-22',NULL,NULL,'2025-03-22 03:15:36','2025-03-22 03:15:36'),(15912,14,'Present','2025-03-22',NULL,NULL,'2025-03-22 03:32:51','2025-03-22 03:32:51'),(15913,12,'Present','2025-03-24',NULL,NULL,'2025-03-24 08:04:07','2025-03-24 23:00:17'),(15914,30,'Present','2025-03-24',NULL,NULL,'2025-03-24 10:33:06','2025-03-24 17:06:02'),(15915,29,'Present','2025-03-24',NULL,NULL,'2025-03-24 10:42:04','2025-03-24 17:06:07'),(15916,27,'Present','2025-03-24',NULL,NULL,'2025-03-24 11:19:38','2025-03-24 17:20:13'),(15917,11,'Present','2025-03-24',NULL,NULL,'2025-03-24 11:19:42','2025-03-24 17:20:16'),(15918,4,'Present','2025-03-24',NULL,NULL,'2025-03-24 21:20:22','2025-03-24 21:20:22'),(15919,14,'Present','2025-03-24',NULL,NULL,'2025-03-24 21:28:56','2025-03-24 21:28:56'),(15920,16,'Present','2025-03-24',NULL,NULL,'2025-03-24 21:28:58','2025-03-24 21:28:58'),(15921,13,'Present','2025-03-24',NULL,NULL,'2025-03-24 21:34:54','2025-03-24 21:34:54'),(15922,103,'Present','2025-03-24',NULL,NULL,'2025-03-24 21:40:00','2025-03-24 23:57:20'),(15923,10,'Present','2025-03-24',NULL,NULL,'2025-03-24 21:56:02','2025-03-24 21:56:02'),(15924,3,'Present','2025-03-24',NULL,NULL,'2025-03-24 22:22:00','2025-03-24 22:22:00'),(15925,19,'Present','2025-03-24',NULL,NULL,'2025-03-24 23:27:08','2025-03-24 23:27:08'),(15926,12,'Present','2025-03-25',NULL,NULL,'2025-03-25 00:01:35','2025-03-25 21:26:20'),(15927,14,'Present','2025-03-25',NULL,NULL,'2025-03-25 02:52:54','2025-03-25 21:34:01'),(15928,30,'Present','2025-03-25',NULL,NULL,'2025-03-25 10:06:47','2025-03-25 17:23:43'),(15929,29,'Present','2025-03-25',NULL,NULL,'2025-03-25 10:52:49','2025-03-25 17:23:46'),(15930,27,'Present','2025-03-25',NULL,NULL,'2025-03-25 11:01:33','2025-03-25 17:29:30'),(15931,11,'Present','2025-03-25',NULL,NULL,'2025-03-25 11:01:37','2025-03-25 17:29:27'),(15932,1,'Present','2025-03-25',NULL,NULL,'2025-03-25 13:17:39','2025-03-25 13:17:39'),(15933,103,'Present','2025-03-25',NULL,NULL,'2025-03-25 20:14:35','2025-03-25 23:04:39'),(15934,16,'Present','2025-03-25',NULL,NULL,'2025-03-25 21:34:03','2025-03-25 23:02:38'),(15935,10,'Present','2025-03-25',NULL,NULL,'2025-03-25 21:51:01','2025-03-25 21:51:01'),(15936,3,'Present','2025-03-25',NULL,NULL,'2025-03-25 21:57:20','2025-03-25 22:28:55'),(15937,4,'Present','2025-03-25',NULL,NULL,'2025-03-25 23:15:07','2025-03-25 23:15:07'),(15938,5,'Present','2025-03-25',NULL,NULL,'2025-03-25 23:54:25','2025-03-25 23:54:25'),(15939,12,'Present','2025-03-26',NULL,NULL,'2025-03-26 00:48:08','2025-03-26 23:04:12'),(15940,3,'Present','2025-03-26',NULL,NULL,'2025-03-26 01:36:07','2025-03-26 21:39:23'),(15941,8,'Present','2025-03-26',NULL,NULL,'2025-03-26 01:43:28','2025-03-26 21:35:45'),(15942,103,'Present','2025-03-26',NULL,NULL,'2025-03-26 01:43:59','2025-03-26 01:43:59'),(15943,14,'Present','2025-03-26',NULL,NULL,'2025-03-26 03:14:10','2025-03-26 21:41:27'),(15944,30,'Present','2025-03-26',NULL,NULL,'2025-03-26 10:43:41','2025-03-26 18:30:00'),(15945,29,'Present','2025-03-26',NULL,NULL,'2025-03-26 11:03:41','2025-03-26 18:30:07'),(15946,27,'Present','2025-03-26',NULL,NULL,'2025-03-26 11:42:52','2025-03-26 17:36:54'),(15947,11,'Present','2025-03-26',NULL,NULL,'2025-03-26 11:42:57','2025-03-26 17:36:58'),(15948,19,'Present','2025-03-26',NULL,NULL,'2025-03-26 20:52:36','2025-03-26 23:25:35'),(15949,4,'Present','2025-03-26',NULL,NULL,'2025-03-26 21:03:50','2025-03-26 21:03:50'),(15950,5,'Present','2025-03-26',NULL,NULL,'2025-03-26 21:25:42','2025-03-26 21:25:42'),(15951,1,'Present','2025-03-26',NULL,NULL,'2025-03-26 22:00:31','2025-03-26 22:00:31'),(15952,10,'Present','2025-03-26',NULL,NULL,'2025-03-26 22:34:29','2025-03-26 22:34:29'),(15953,10,'Present','2025-03-27',NULL,NULL,'2025-03-27 00:10:29','2025-03-27 02:17:36'),(15954,105,'Present','2025-03-27',NULL,NULL,'2025-03-27 00:16:20','2025-03-27 00:16:20'),(15955,12,'Present','2025-03-27',NULL,NULL,'2025-03-27 00:36:35','2025-03-27 00:36:35'),(15956,4,'Present','2025-03-27',NULL,NULL,'2025-03-27 01:04:27','2025-03-27 01:04:27'),(15957,13,'Present','2025-03-27',NULL,NULL,'2025-03-27 01:45:07','2025-03-27 02:35:55'),(15958,19,'Present','2025-03-27',NULL,NULL,'2025-03-27 01:46:02','2025-03-27 02:32:45'),(15959,29,'Present','2025-03-27',NULL,NULL,'2025-03-27 10:04:31','2025-03-27 10:04:31'),(15960,30,'Present','2025-03-27',NULL,NULL,'2025-03-27 10:54:29','2025-03-27 10:54:29'),(15961,27,'Present','2025-03-27',NULL,NULL,'2025-03-27 11:32:03','2025-03-27 11:32:03'),(15962,11,'Present','2025-03-27',NULL,NULL,'2025-03-27 11:32:08','2025-03-27 11:32:08'),(15963,1,'Present','2025-03-27',NULL,NULL,'2025-03-27 15:02:35','2025-03-27 15:02:35'),(15964,4,'Present','2025-03-28',NULL,NULL,'2025-03-28 21:32:22','2025-03-28 21:41:01'),(15965,16,'Present','2025-03-28',NULL,NULL,'2025-03-28 21:33:01','2025-03-28 21:33:01'),(15966,13,'Present','2025-03-28',NULL,NULL,'2025-03-28 21:33:28','2025-03-28 21:33:28'),(15967,3,'Present','2025-03-28',NULL,NULL,'2025-03-28 21:36:04','2025-03-28 21:36:04'),(15968,10,'Present','2025-03-28',NULL,NULL,'2025-03-28 21:38:48','2025-03-28 21:38:48'),(15969,19,'Present','2025-03-29',NULL,NULL,'2025-03-29 00:04:54','2025-03-29 20:59:53'),(15970,103,'Present','2025-03-29',NULL,NULL,'2025-03-29 02:24:11','2025-03-29 23:46:23'),(15971,4,'Present','2025-03-29',NULL,NULL,'2025-03-29 21:17:37','2025-03-29 21:17:37'),(15972,5,'Present','2025-03-29',NULL,NULL,'2025-03-29 21:31:30','2025-03-29 21:31:30'),(15973,16,'Present','2025-03-29',NULL,NULL,'2025-03-29 21:31:32','2025-03-29 21:31:32'),(15974,3,'Present','2025-03-29',NULL,NULL,'2025-03-29 22:02:40','2025-03-29 22:02:40'),(15975,10,'Present','2025-03-29',NULL,NULL,'2025-03-29 22:03:43','2025-03-29 22:03:43'),(15976,13,'Present','2025-03-30',NULL,NULL,'2025-03-30 01:00:24','2025-03-30 01:00:24'),(15977,16,'Present','2025-03-30',NULL,NULL,'2025-03-30 03:29:22','2025-03-30 03:29:22'),(15978,103,'Present','2025-04-03',NULL,NULL,'2025-04-03 21:06:00','2025-04-03 22:12:45'),(15979,19,'Present','2025-04-03',NULL,NULL,'2025-04-03 21:29:40','2025-04-03 21:41:55'),(15980,13,'Present','2025-04-03',NULL,NULL,'2025-04-03 21:33:30','2025-04-03 21:33:30'),(15981,27,'Present','2025-04-03',NULL,NULL,'2025-04-03 21:37:36','2025-04-03 21:37:36'),(15982,11,'Present','2025-04-03',NULL,NULL,'2025-04-03 21:37:39','2025-04-03 21:37:39'),(15983,10,'Present','2025-04-03',NULL,NULL,'2025-04-03 21:52:39','2025-04-03 21:52:39'),(15984,8,'Present','2025-04-03',NULL,NULL,'2025-04-03 21:55:18','2025-04-03 22:12:10'),(15985,3,'Present','2025-04-03',NULL,NULL,'2025-04-03 21:55:49','2025-04-03 21:55:49'),(15986,1,'Present','2025-04-03',NULL,NULL,'2025-04-03 23:40:12','2025-04-03 23:40:12'),(15987,13,'Present','2025-04-04',NULL,NULL,'2025-04-04 00:02:44','2025-04-04 21:10:03'),(15988,19,'Present','2025-04-04',NULL,NULL,'2025-04-04 00:33:48','2025-04-04 23:38:12'),(15989,1,'Present','2025-04-04',NULL,NULL,'2025-04-04 01:52:49','2025-04-04 23:52:45'),(15990,3,'Present','2025-04-04',NULL,NULL,'2025-04-04 02:01:43','2025-04-04 23:24:18'),(15991,10,'Present','2025-04-04',NULL,NULL,'2025-04-04 02:44:07','2025-04-04 22:33:14'),(15992,105,'Present','2025-04-04',NULL,NULL,'2025-04-04 04:24:58','2025-04-04 23:12:57'),(15993,103,'Present','2025-04-04',NULL,NULL,'2025-04-04 06:35:43','2025-04-04 21:18:32'),(15994,29,'Present','2025-04-04',NULL,NULL,'2025-04-04 11:53:07','2025-04-04 21:01:26'),(15995,30,'Present','2025-04-04',NULL,NULL,'2025-04-04 12:03:35','2025-04-04 21:01:24'),(15996,27,'Present','2025-04-04',NULL,NULL,'2025-04-04 14:02:18','2025-04-04 21:12:58'),(15997,11,'Present','2025-04-04',NULL,NULL,'2025-04-04 14:03:38','2025-04-04 21:13:02'),(15998,28,'Present','2025-04-04',NULL,NULL,'2025-04-04 14:32:31','2025-04-04 14:32:31'),(15999,4,'Present','2025-04-04',NULL,NULL,'2025-04-04 20:59:05','2025-04-04 23:42:02'),(16000,103,'Present','2025-04-05',NULL,NULL,'2025-04-05 00:15:32','2025-04-05 04:13:04'),(16001,1,'Present','2025-04-05',NULL,NULL,'2025-04-05 00:16:06','2025-04-05 06:30:47'),(16002,3,'Present','2025-04-05',NULL,NULL,'2025-04-05 00:23:26','2025-04-05 06:24:19'),(16003,10,'Present','2025-04-05',NULL,NULL,'2025-04-05 00:46:24','2025-04-05 00:46:24'),(16004,8,'Present','2025-04-05',NULL,NULL,'2025-04-05 00:49:32','2025-04-05 00:49:32'),(16005,19,'Present','2025-04-05',NULL,NULL,'2025-04-05 00:53:53','2025-04-05 05:57:24'),(16006,105,'Present','2025-04-05',NULL,NULL,'2025-04-05 02:13:44','2025-04-05 05:07:05'),(16007,5,'Present','2025-04-05',NULL,NULL,'2025-04-05 03:09:50','2025-04-05 03:09:50'),(16008,13,'Present','2025-04-05',NULL,NULL,'2025-04-05 03:10:43','2025-04-05 04:09:15'),(16009,4,'Present','2025-04-05',NULL,NULL,'2025-04-05 03:14:17','2025-04-05 04:16:59'),(16010,30,'Present','2025-04-07',NULL,NULL,'2025-04-07 12:03:11','2025-04-07 21:22:01'),(16011,29,'Present','2025-04-07',NULL,NULL,'2025-04-07 12:14:26','2025-04-07 21:22:03'),(16012,27,'Present','2025-04-07',NULL,NULL,'2025-04-07 13:06:45','2025-04-07 21:02:08'),(16013,11,'Present','2025-04-07',NULL,NULL,'2025-04-07 13:18:11','2025-04-07 18:38:25'),(16014,12,'Present','2025-04-07',NULL,NULL,'2025-04-07 13:41:55','2025-04-07 23:48:43'),(16015,19,'Present','2025-04-07',NULL,NULL,'2025-04-07 20:52:14','2025-04-07 23:39:04'),(16016,4,'Present','2025-04-07',NULL,NULL,'2025-04-07 20:54:31','2025-04-07 20:54:31'),(16017,105,'Present','2025-04-07',NULL,NULL,'2025-04-07 21:11:17','2025-04-07 23:45:35'),(16018,5,'Present','2025-04-07',NULL,NULL,'2025-04-07 21:15:15','2025-04-07 21:15:15'),(16019,1,'Present','2025-04-07',NULL,NULL,'2025-04-07 21:18:02','2025-04-07 21:48:42'),(16020,103,'Present','2025-04-07',NULL,NULL,'2025-04-07 21:21:43','2025-04-07 23:35:27'),(16021,10,'Present','2025-04-07',NULL,NULL,'2025-04-07 21:30:02','2025-04-07 21:46:39'),(16022,3,'Present','2025-04-07',NULL,NULL,'2025-04-07 21:39:10','2025-04-07 21:49:53'),(16023,14,'Present','2025-04-07',NULL,NULL,'2025-04-07 21:51:22','2025-04-07 21:51:22'),(16024,8,'Present','2025-04-07',NULL,NULL,'2025-04-07 23:46:59','2025-04-07 23:46:59'),(16025,10,'Present','2025-04-08',NULL,NULL,'2025-04-08 00:02:33','2025-04-08 21:40:22'),(16026,12,'Present','2025-04-08',NULL,NULL,'2025-04-08 00:19:33','2025-04-08 20:45:01'),(16027,4,'Present','2025-04-08',NULL,NULL,'2025-04-08 00:53:27','2025-04-08 20:48:31'),(16028,19,'Present','2025-04-08',NULL,NULL,'2025-04-08 01:16:17','2025-04-08 23:50:31'),(16029,105,'Present','2025-04-08',NULL,NULL,'2025-04-08 01:17:21','2025-04-08 23:46:38'),(16030,1,'Present','2025-04-08',NULL,NULL,'2025-04-08 01:30:40','2025-04-08 22:49:52'),(16031,103,'Present','2025-04-08',NULL,NULL,'2025-04-08 02:54:19','2025-04-08 23:20:14'),(16032,3,'Present','2025-04-08',NULL,NULL,'2025-04-08 04:19:49','2025-04-08 23:59:44'),(16033,30,'Present','2025-04-08',NULL,NULL,'2025-04-08 11:51:07','2025-04-08 21:20:25'),(16034,29,'Present','2025-04-08',NULL,NULL,'2025-04-08 12:00:34','2025-04-08 21:20:26'),(16035,27,'Present','2025-04-08',NULL,NULL,'2025-04-08 12:42:21','2025-04-08 21:23:35'),(16036,11,'Present','2025-04-08',NULL,NULL,'2025-04-08 12:52:08','2025-04-08 18:23:44'),(16037,16,'Present','2025-04-08',NULL,NULL,'2025-04-08 20:56:08','2025-04-08 20:56:08'),(16038,13,'Present','2025-04-08',NULL,NULL,'2025-04-08 21:15:01','2025-04-08 21:15:01'),(16039,8,'Present','2025-04-08',NULL,NULL,'2025-04-08 22:06:00','2025-04-08 22:06:00'),(16040,1,'Present','2025-04-09',NULL,NULL,'2025-04-09 00:02:39','2025-04-09 22:38:42'),(16041,12,'Present','2025-04-09',NULL,NULL,'2025-04-09 00:12:40','2025-04-09 23:59:04'),(16042,4,'Present','2025-04-09',NULL,NULL,'2025-04-09 00:39:07','2025-04-09 20:55:17'),(16043,16,'Present','2025-04-09',NULL,NULL,'2025-04-09 00:55:00','2025-04-09 21:05:11'),(16044,105,'Present','2025-04-09',NULL,NULL,'2025-04-09 00:56:32','2025-04-09 23:28:09'),(16045,10,'Present','2025-04-09',NULL,NULL,'2025-04-09 00:58:12','2025-04-09 23:26:32'),(16046,103,'Present','2025-04-09',NULL,NULL,'2025-04-09 01:24:57','2025-04-09 23:26:12'),(16047,19,'Present','2025-04-09',NULL,NULL,'2025-04-09 01:48:29','2025-04-09 22:17:26'),(16048,13,'Present','2025-04-09',NULL,NULL,'2025-04-09 04:11:49','2025-04-09 21:52:32'),(16049,30,'Present','2025-04-09',NULL,NULL,'2025-04-09 12:07:32','2025-04-09 21:07:47'),(16050,29,'Present','2025-04-09',NULL,NULL,'2025-04-09 12:18:28','2025-04-09 21:07:46'),(16051,27,'Present','2025-04-09',NULL,NULL,'2025-04-09 12:27:45','2025-04-09 21:23:14'),(16052,11,'Present','2025-04-09',NULL,NULL,'2025-04-09 13:18:06','2025-04-09 18:34:21'),(16053,8,'Present','2025-04-09',NULL,NULL,'2025-04-09 21:56:11','2025-04-09 21:56:11'),(16054,19,'Present','2025-04-10',NULL,NULL,'2025-04-10 00:11:59','2025-04-10 23:17:50'),(16055,12,'Present','2025-04-10',NULL,NULL,'2025-04-10 00:28:06','2025-04-10 23:49:48'),(16056,4,'Present','2025-04-10',NULL,NULL,'2025-04-10 00:37:11','2025-04-10 22:26:50'),(16057,1,'Present','2025-04-10',NULL,NULL,'2025-04-10 01:14:39','2025-04-10 23:22:27'),(16058,105,'Present','2025-04-10',NULL,NULL,'2025-04-10 01:17:11','2025-04-10 23:58:21'),(16059,103,'Present','2025-04-10',NULL,NULL,'2025-04-10 01:24:36','2025-04-10 01:27:30'),(16060,5,'Present','2025-04-10',NULL,NULL,'2025-04-10 01:48:08','2025-04-10 21:22:06'),(16061,13,'Present','2025-04-10',NULL,NULL,'2025-04-10 04:08:32','2025-04-10 22:04:06'),(16062,16,'Present','2025-04-10',NULL,NULL,'2025-04-10 06:04:54','2025-04-10 20:57:37'),(16063,30,'Present','2025-04-10',NULL,NULL,'2025-04-10 12:00:10','2025-04-10 21:06:54'),(16064,29,'Present','2025-04-10',NULL,NULL,'2025-04-10 12:14:47','2025-04-10 12:14:47'),(16065,27,'Present','2025-04-10',NULL,NULL,'2025-04-10 12:37:01','2025-04-10 21:32:19'),(16066,11,'Present','2025-04-10',NULL,NULL,'2025-04-10 13:31:41','2025-04-10 17:42:01'),(16067,10,'Present','2025-04-10',NULL,NULL,'2025-04-10 23:14:44','2025-04-10 23:14:45'),(16068,12,'Present','2025-04-11',NULL,NULL,'2025-04-11 00:23:50','2025-04-11 23:56:38'),(16069,16,'Present','2025-04-11',NULL,NULL,'2025-04-11 00:27:48','2025-04-11 05:10:46'),(16070,10,'Present','2025-04-11',NULL,NULL,'2025-04-11 00:29:51','2025-04-11 21:21:36'),(16071,105,'Present','2025-04-11',NULL,NULL,'2025-04-11 00:42:46','2025-04-11 23:52:46'),(16072,1,'Present','2025-04-11',NULL,NULL,'2025-04-11 01:02:53','2025-04-11 22:54:50'),(16073,4,'Present','2025-04-11',NULL,NULL,'2025-04-11 01:06:51','2025-04-11 21:47:56'),(16074,3,'Present','2025-04-11',NULL,NULL,'2025-04-11 01:12:26','2025-04-11 21:44:23'),(16075,13,'Present','2025-04-11',NULL,NULL,'2025-04-11 01:22:40','2025-04-11 21:20:56'),(16076,103,'Present','2025-04-11',NULL,NULL,'2025-04-11 02:06:00','2025-04-11 04:26:07'),(16077,19,'Present','2025-04-11',NULL,NULL,'2025-04-11 02:48:18','2025-04-11 23:53:48'),(16078,5,'Present','2025-04-11',NULL,NULL,'2025-04-11 06:15:25','2025-04-11 06:15:25'),(16079,30,'Present','2025-04-11',NULL,NULL,'2025-04-11 11:54:31','2025-04-11 21:22:54'),(16080,29,'Present','2025-04-11',NULL,NULL,'2025-04-11 12:23:28','2025-04-11 21:22:57'),(16081,27,'Present','2025-04-11',NULL,NULL,'2025-04-11 12:51:24','2025-04-11 21:22:22'),(16082,11,'Present','2025-04-11',NULL,NULL,'2025-04-11 14:46:58','2025-04-11 21:22:26'),(16083,105,'Present','2025-04-12',NULL,NULL,'2025-04-12 00:14:11','2025-04-12 18:25:49'),(16084,13,'Present','2025-04-12',NULL,NULL,'2025-04-12 00:24:38','2025-04-12 00:24:38'),(16085,19,'Present','2025-04-12',NULL,NULL,'2025-04-12 00:44:59','2025-04-12 17:11:48'),(16086,12,'Present','2025-04-12',NULL,NULL,'2025-04-12 00:50:48','2025-04-12 18:26:20'),(16087,3,'Present','2025-04-12',NULL,NULL,'2025-04-12 01:20:30','2025-04-12 04:11:42'),(16088,1,'Present','2025-04-12',NULL,NULL,'2025-04-12 01:34:13','2025-04-12 05:04:04'),(16089,4,'Present','2025-04-12',NULL,NULL,'2025-04-12 04:32:03','2025-04-12 18:30:28'),(16090,103,'Present','2025-04-12',NULL,NULL,'2025-04-12 05:02:27','2025-04-12 06:10:24'),(16091,16,'Present','2025-04-12',NULL,NULL,'2025-04-12 07:05:05','2025-04-12 18:18:43'),(16092,29,'Present','2025-04-12',NULL,NULL,'2025-04-12 16:58:39','2025-04-12 18:27:16'),(16093,30,'Present','2025-04-14',NULL,NULL,'2025-04-14 11:52:09','2025-04-14 21:18:07'),(16094,29,'Present','2025-04-14',NULL,NULL,'2025-04-14 12:21:36','2025-04-14 21:18:05'),(16095,12,'Present','2025-04-14',NULL,NULL,'2025-04-14 12:56:19','2025-04-14 23:33:04'),(16096,27,'Present','2025-04-14',NULL,NULL,'2025-04-14 13:41:35','2025-04-14 21:57:31'),(16097,11,'Present','2025-04-14',NULL,NULL,'2025-04-14 13:41:42','2025-04-14 13:41:42'),(16098,4,'Present','2025-04-14',NULL,NULL,'2025-04-14 21:03:30','2025-04-14 21:03:30'),(16099,105,'Present','2025-04-14',NULL,NULL,'2025-04-14 21:07:31','2025-04-14 23:50:51'),(16100,1,'Present','2025-04-14',NULL,NULL,'2025-04-14 21:15:53','2025-04-14 23:42:53'),(16101,5,'Present','2025-04-14',NULL,NULL,'2025-04-14 21:27:12','2025-04-14 21:27:12'),(16102,16,'Present','2025-04-14',NULL,NULL,'2025-04-14 21:40:49','2025-04-14 21:40:49'),(16103,19,'Present','2025-04-14',NULL,NULL,'2025-04-14 22:15:23','2025-04-14 22:15:24'),(16104,8,'Present','2025-04-14',NULL,NULL,'2025-04-14 22:47:55','2025-04-14 22:47:55'),(16105,13,'Present','2025-04-15',NULL,NULL,'2025-04-15 00:53:23','2025-04-15 00:53:23'),(16106,3,'Present','2025-04-15',NULL,NULL,'2025-04-15 00:56:34','2025-04-15 21:37:27'),(16107,103,'Present','2025-04-15',NULL,NULL,'2025-04-15 00:57:23','2025-04-15 22:16:26'),(16108,28,'Present','2025-04-15',NULL,NULL,'2025-04-15 01:59:52','2025-04-15 01:59:52'),(16109,105,'Present','2025-04-15',NULL,NULL,'2025-04-15 02:50:54','2025-04-15 23:21:10'),(16110,4,'Present','2025-04-15',NULL,NULL,'2025-04-15 02:51:46','2025-04-15 20:47:46'),(16111,12,'Present','2025-04-15',NULL,NULL,'2025-04-15 03:24:25','2025-04-15 23:43:25'),(16112,8,'Present','2025-04-15',NULL,NULL,'2025-04-15 03:44:53','2025-04-15 04:47:09'),(16113,1,'Present','2025-04-15',NULL,NULL,'2025-04-15 04:44:19','2025-04-15 23:29:15'),(16114,30,'Present','2025-04-15',NULL,NULL,'2025-04-15 12:03:12','2025-04-15 21:16:27'),(16115,29,'Present','2025-04-15',NULL,NULL,'2025-04-15 12:10:47','2025-04-15 21:05:38'),(16116,27,'Present','2025-04-15',NULL,NULL,'2025-04-15 13:13:26','2025-04-15 22:16:48'),(16117,11,'Present','2025-04-15',NULL,NULL,'2025-04-15 15:32:05','2025-04-15 22:16:55'),(16118,10,'Present','2025-04-15',NULL,NULL,'2025-04-15 21:15:25','2025-04-15 21:15:25'),(16119,16,'Present','2025-04-15',NULL,NULL,'2025-04-15 21:29:22','2025-04-15 21:29:22'),(16120,12,'Present','2025-04-16',NULL,NULL,'2025-04-16 00:19:58','2025-04-16 22:36:26'),(16121,105,'Present','2025-04-16',NULL,NULL,'2025-04-16 00:23:09','2025-04-16 23:56:12'),(16122,8,'Present','2025-04-16',NULL,NULL,'2025-04-16 00:27:17','2025-04-16 02:05:04'),(16123,10,'Present','2025-04-16',NULL,NULL,'2025-04-16 00:33:17','2025-04-16 20:51:07'),(16124,16,'Present','2025-04-16',NULL,NULL,'2025-04-16 00:52:52','2025-04-16 21:35:33'),(16125,19,'Present','2025-04-16',NULL,NULL,'2025-04-16 01:40:42','2025-04-16 04:09:42'),(16126,3,'Present','2025-04-16',NULL,NULL,'2025-04-16 03:02:37','2025-04-16 06:24:38'),(16127,103,'Present','2025-04-16',NULL,NULL,'2025-04-16 04:14:16','2025-04-16 22:09:44'),(16128,4,'Present','2025-04-16',NULL,NULL,'2025-04-16 06:02:21','2025-04-16 23:07:39'),(16129,30,'Present','2025-04-16',NULL,NULL,'2025-04-16 12:01:18','2025-04-16 21:07:30'),(16130,29,'Present','2025-04-16',NULL,NULL,'2025-04-16 12:36:43','2025-04-16 21:07:32'),(16131,11,'Present','2025-04-16',NULL,NULL,'2025-04-16 14:24:34','2025-04-16 22:06:40'),(16132,28,'Present','2025-04-16',NULL,NULL,'2025-04-16 18:53:22','2025-04-16 18:53:22'),(16133,13,'Present','2025-04-16',NULL,NULL,'2025-04-16 21:23:22','2025-04-16 23:33:27'),(16134,1,'Present','2025-04-16',NULL,NULL,'2025-04-16 23:28:28','2025-04-16 23:28:28'),(16135,10,'Present','2025-04-17',NULL,NULL,'2025-04-17 00:02:06','2025-04-17 21:25:49'),(16136,12,'Present','2025-04-17',NULL,NULL,'2025-04-17 00:07:11','2025-04-17 23:37:18'),(16137,19,'Present','2025-04-17',NULL,NULL,'2025-04-17 00:59:20','2025-04-17 22:50:46'),(16138,105,'Present','2025-04-17',NULL,NULL,'2025-04-17 01:04:47','2025-04-17 21:35:31'),(16139,103,'Present','2025-04-17',NULL,NULL,'2025-04-17 01:06:01','2025-04-17 23:42:37'),(16140,5,'Present','2025-04-17',NULL,NULL,'2025-04-17 01:17:21','2025-04-17 21:06:38'),(16141,1,'Present','2025-04-17',NULL,NULL,'2025-04-17 02:38:26','2025-04-17 21:21:05'),(16142,3,'Present','2025-04-17',NULL,NULL,'2025-04-17 03:38:31','2025-04-17 21:30:55'),(16143,13,'Present','2025-04-17',NULL,NULL,'2025-04-17 04:41:06','2025-04-17 21:06:47'),(16144,4,'Present','2025-04-17',NULL,NULL,'2025-04-17 06:18:50','2025-04-17 06:18:50'),(16145,30,'Present','2025-04-17',NULL,NULL,'2025-04-17 12:09:39','2025-04-17 21:29:46'),(16146,29,'Present','2025-04-17',NULL,NULL,'2025-04-17 12:38:12','2025-04-17 21:02:21'),(16147,27,'Present','2025-04-17',NULL,NULL,'2025-04-17 14:08:13','2025-04-17 21:53:18'),(16148,11,'Present','2025-04-17',NULL,NULL,'2025-04-17 14:08:16','2025-04-17 21:53:15'),(16149,8,'Present','2025-04-17',NULL,NULL,'2025-04-17 21:18:09','2025-04-17 21:18:09'),(16150,16,'Present','2025-04-17',NULL,NULL,'2025-04-17 21:19:34','2025-04-17 21:19:34'),(16151,103,'Present','2025-04-18',NULL,NULL,'2025-04-18 00:00:15','2025-04-18 22:53:13'),(16152,12,'Present','2025-04-18',NULL,NULL,'2025-04-18 00:08:09','2025-04-18 23:53:48'),(16153,5,'Present','2025-04-18',NULL,NULL,'2025-04-18 00:34:56','2025-04-18 21:56:02'),(16154,105,'Present','2025-04-18',NULL,NULL,'2025-04-18 00:50:09','2025-04-18 23:21:14'),(16155,1,'Present','2025-04-18',NULL,NULL,'2025-04-18 00:50:27','2025-04-18 23:32:54'),(16156,19,'Present','2025-04-18',NULL,NULL,'2025-04-18 00:56:44','2025-04-18 22:44:12'),(16157,3,'Present','2025-04-18',NULL,NULL,'2025-04-18 01:04:19','2025-04-18 01:04:19'),(16158,10,'Present','2025-04-18',NULL,NULL,'2025-04-18 02:04:08','2025-04-18 21:10:57'),(16159,4,'Present','2025-04-18',NULL,NULL,'2025-04-18 03:13:31','2025-04-18 22:48:49'),(16160,30,'Present','2025-04-18',NULL,NULL,'2025-04-18 12:28:09','2025-04-18 21:14:30'),(16161,29,'Present','2025-04-18',NULL,NULL,'2025-04-18 12:57:06','2025-04-18 13:20:31'),(16162,28,'Present','2025-04-18',NULL,NULL,'2025-04-18 19:50:22','2025-04-18 19:50:22'),(16163,11,'Present','2025-04-18',NULL,NULL,'2025-04-18 21:14:38','2025-04-18 21:14:38'),(16164,16,'Present','2025-04-18',NULL,NULL,'2025-04-18 21:33:13','2025-04-18 21:33:13'),(16165,13,'Present','2025-04-18',NULL,NULL,'2025-04-18 21:49:03','2025-04-18 21:49:03'),(16166,8,'Present','2025-04-18',NULL,NULL,'2025-04-18 23:14:38','2025-04-18 23:14:38'),(16167,16,'Present','2025-04-19',NULL,NULL,'2025-04-19 00:04:53','2025-04-19 04:21:12'),(16168,13,'Present','2025-04-19',NULL,NULL,'2025-04-19 00:14:17','2025-04-19 00:14:17'),(16169,3,'Present','2025-04-19',NULL,NULL,'2025-04-19 00:51:27','2025-04-19 00:51:27'),(16170,19,'Present','2025-04-19',NULL,NULL,'2025-04-19 01:22:52','2025-04-19 05:55:21'),(16171,12,'Present','2025-04-19',NULL,NULL,'2025-04-19 01:29:24','2025-04-19 05:24:15'),(16172,105,'Present','2025-04-19',NULL,NULL,'2025-04-19 01:39:46','2025-04-19 05:07:42'),(16173,1,'Present','2025-04-19',NULL,NULL,'2025-04-19 01:41:18','2025-04-19 04:30:24'),(16174,103,'Present','2025-04-19',NULL,NULL,'2025-04-19 01:51:04','2025-04-19 06:07:55'),(16175,8,'Present','2025-04-19',NULL,NULL,'2025-04-19 01:53:49','2025-04-19 05:09:19'),(16176,10,'Present','2025-04-19',NULL,NULL,'2025-04-19 02:47:03','2025-04-19 05:58:12'),(16177,12,'Present','2025-04-21',NULL,NULL,'2025-04-21 11:12:27','2025-04-21 23:49:24'),(16178,30,'Present','2025-04-21',NULL,NULL,'2025-04-21 12:15:48','2025-04-21 21:25:42'),(16179,29,'Present','2025-04-21',NULL,NULL,'2025-04-21 12:54:09','2025-04-21 21:25:41'),(16180,27,'Present','2025-04-21',NULL,NULL,'2025-04-21 13:41:53','2025-04-21 21:27:42'),(16181,11,'Present','2025-04-21',NULL,NULL,'2025-04-21 13:42:31','2025-04-21 21:27:49'),(16182,19,'Present','2025-04-21',NULL,NULL,'2025-04-21 20:50:15','2025-04-21 22:16:45'),(16183,105,'Present','2025-04-21',NULL,NULL,'2025-04-21 21:00:39','2025-04-21 21:49:28'),(16184,103,'Present','2025-04-21',NULL,NULL,'2025-04-21 21:11:45','2025-04-21 22:56:10'),(16185,3,'Present','2025-04-21',NULL,NULL,'2025-04-21 21:37:09','2025-04-21 23:55:24'),(16186,16,'Present','2025-04-21',NULL,NULL,'2025-04-21 22:10:57','2025-04-21 22:29:12'),(16187,5,'Present','2025-04-21',NULL,NULL,'2025-04-21 23:33:44','2025-04-21 23:33:44'),(16188,19,'Present','2025-04-22',NULL,NULL,'2025-04-22 00:03:22','2025-04-22 23:21:56'),(16189,13,'Present','2025-04-22',NULL,NULL,'2025-04-22 00:21:31','2025-04-22 00:44:00'),(16190,5,'Present','2025-04-22',NULL,NULL,'2025-04-22 00:26:54','2025-04-22 21:33:04'),(16191,3,'Present','2025-04-22',NULL,NULL,'2025-04-22 00:28:17','2025-04-22 21:37:19'),(16192,105,'Present','2025-04-22',NULL,NULL,'2025-04-22 00:51:18','2025-04-22 23:43:36'),(16193,12,'Present','2025-04-22',NULL,NULL,'2025-04-22 00:51:46','2025-04-22 23:54:38'),(16194,103,'Present','2025-04-22',NULL,NULL,'2025-04-22 04:23:51','2025-04-22 22:09:29'),(16195,1,'Present','2025-04-22',NULL,NULL,'2025-04-22 04:26:55','2025-04-22 22:25:29'),(16196,30,'Present','2025-04-22',NULL,NULL,'2025-04-22 12:26:52','2025-04-22 21:20:58'),(16197,27,'Present','2025-04-22',NULL,NULL,'2025-04-22 14:06:30','2025-04-22 22:23:33'),(16198,29,'Present','2025-04-22',NULL,NULL,'2025-04-22 14:21:18','2025-04-22 21:20:55'),(16199,11,'Present','2025-04-22',NULL,NULL,'2025-04-22 15:33:37','2025-04-22 22:23:39'),(16200,28,'Present','2025-04-22',NULL,NULL,'2025-04-22 16:04:40','2025-04-22 16:27:06'),(16201,10,'Present','2025-04-22',NULL,NULL,'2025-04-22 21:10:17','2025-04-22 21:10:17'),(16202,8,'Present','2025-04-22',NULL,NULL,'2025-04-22 21:46:56','2025-04-22 21:46:56'),(16203,16,'Present','2025-04-22',NULL,NULL,'2025-04-22 22:15:04','2025-04-22 22:15:04'),(16204,12,'Present','2025-04-23',NULL,NULL,'2025-04-23 00:06:07','2025-04-23 23:51:38'),(16205,16,'Present','2025-04-23',NULL,NULL,'2025-04-23 00:43:28','2025-04-23 22:28:20'),(16206,105,'Present','2025-04-23',NULL,NULL,'2025-04-23 00:45:30','2025-04-23 21:24:18'),(16207,3,'Present','2025-04-23',NULL,NULL,'2025-04-23 00:56:52','2025-04-23 21:52:25'),(16208,1,'Present','2025-04-23',NULL,NULL,'2025-04-23 03:03:46','2025-04-23 03:03:46'),(16209,19,'Present','2025-04-23',NULL,NULL,'2025-04-23 03:04:03','2025-04-23 22:21:32'),(16210,103,'Present','2025-04-23',NULL,NULL,'2025-04-23 04:33:12','2025-04-23 23:07:36'),(16211,10,'Present','2025-04-23',NULL,NULL,'2025-04-23 06:00:04','2025-04-23 06:00:04'),(16212,30,'Present','2025-04-23',NULL,NULL,'2025-04-23 12:14:44','2025-04-23 21:19:00'),(16213,29,'Present','2025-04-23',NULL,NULL,'2025-04-23 12:54:45','2025-04-23 21:18:13'),(16214,27,'Present','2025-04-23',NULL,NULL,'2025-04-23 14:01:25','2025-04-23 21:38:47'),(16215,11,'Present','2025-04-23',NULL,NULL,'2025-04-23 14:02:02','2025-04-23 21:39:07'),(16216,28,'Present','2025-04-23',NULL,NULL,'2025-04-23 18:14:18','2025-04-23 18:14:18'),(16217,4,'Present','2025-04-23',NULL,NULL,'2025-04-23 20:53:35','2025-04-23 20:53:35'),(16218,13,'Present','2025-04-23',NULL,NULL,'2025-04-23 21:02:15','2025-04-23 21:02:15'),(16219,12,'Present','2025-04-24',NULL,NULL,'2025-04-24 00:25:56','2025-04-24 22:16:42'),(16220,103,'Present','2025-04-24',NULL,NULL,'2025-04-24 00:27:03','2025-04-24 21:24:38'),(16221,105,'Present','2025-04-24',NULL,NULL,'2025-04-24 00:29:24','2025-04-24 21:52:00'),(16222,13,'Present','2025-04-24',NULL,NULL,'2025-04-24 01:07:44','2025-04-24 01:07:44'),(16223,3,'Present','2025-04-24',NULL,NULL,'2025-04-24 01:18:18','2025-04-24 22:11:43'),(16224,16,'Present','2025-04-24',NULL,NULL,'2025-04-24 01:21:00','2025-04-24 06:15:32'),(16225,19,'Present','2025-04-24',NULL,NULL,'2025-04-24 01:46:12','2025-04-24 05:53:53'),(16226,30,'Present','2025-04-24',NULL,NULL,'2025-04-24 12:21:24','2025-04-24 20:59:02'),(16227,29,'Present','2025-04-24',NULL,NULL,'2025-04-24 12:39:55','2025-04-24 20:59:00'),(16228,27,'Present','2025-04-24',NULL,NULL,'2025-04-24 14:18:27','2025-04-24 21:33:23'),(16229,11,'Present','2025-04-24',NULL,NULL,'2025-04-24 14:18:33','2025-04-24 21:33:29'),(16230,10,'Present','2025-04-24',NULL,NULL,'2025-04-24 21:00:09','2025-04-24 21:00:09'),(16231,1,'Present','2025-04-24',NULL,NULL,'2025-04-24 21:52:31','2025-04-24 21:52:32'),(16232,12,'Present','2025-04-25',NULL,NULL,'2025-04-25 00:01:20','2025-04-25 20:59:50'),(16233,1,'Present','2025-04-25',NULL,NULL,'2025-04-25 00:04:00','2025-04-25 01:12:32'),(16234,103,'Present','2025-04-25',NULL,NULL,'2025-04-25 00:04:27','2025-04-25 03:29:13'),(16235,105,'Present','2025-04-25',NULL,NULL,'2025-04-25 00:05:25','2025-04-25 01:52:06'),(16236,16,'Present','2025-04-25',NULL,NULL,'2025-04-25 00:16:48','2025-04-25 01:00:02'),(16237,5,'Present','2025-04-25',NULL,NULL,'2025-04-25 00:26:24','2025-04-25 01:25:48'),(16238,10,'Present','2025-04-25',NULL,NULL,'2025-04-25 00:37:18','2025-04-25 01:43:32'),(16239,30,'Present','2025-04-25',NULL,NULL,'2025-04-25 12:08:24','2025-04-25 12:21:58'),(16240,29,'Present','2025-04-25',NULL,NULL,'2025-04-25 12:29:27','2025-04-25 15:51:42'),(16241,27,'Present','2025-04-25',NULL,NULL,'2025-04-25 12:49:50','2025-04-25 20:16:11'),(16242,11,'Present','2025-04-25',NULL,NULL,'2025-04-25 12:50:17','2025-04-25 12:50:17'),(16243,28,'Present','2025-04-25',NULL,NULL,'2025-04-25 16:27:19','2025-04-25 16:27:19'),(16244,19,'Present','2025-04-25',NULL,NULL,'2025-04-25 20:23:24','2025-04-25 20:23:25'),(16245,4,'Present','2025-04-25',NULL,NULL,'2025-04-25 20:50:19','2025-04-25 20:50:19'),(16246,13,'Present','2025-04-25',NULL,NULL,'2025-04-25 21:16:15','2025-04-25 21:16:15'),(16247,13,'Present','2025-04-26',NULL,NULL,'2025-04-26 00:00:01','2025-04-26 04:44:37'),(16248,103,'Present','2025-04-26',NULL,NULL,'2025-04-26 00:24:09','2025-04-26 05:17:26'),(16249,10,'Present','2025-04-26',NULL,NULL,'2025-04-26 00:53:09','2025-04-26 00:54:40'),(16250,105,'Present','2025-04-26',NULL,NULL,'2025-04-26 00:56:30','2025-04-26 02:54:13'),(16251,19,'Present','2025-04-26',NULL,NULL,'2025-04-26 01:00:09','2025-04-26 05:09:42'),(16252,1,'Present','2025-04-26',NULL,NULL,'2025-04-26 01:48:06','2025-04-26 05:11:12'),(16253,30,'Present','2025-04-28',NULL,NULL,'2025-04-28 12:08:05','2025-04-28 12:08:05'),(16254,29,'Present','2025-04-28',NULL,NULL,'2025-04-28 12:18:01','2025-04-28 13:07:58'),(16255,11,'Present','2025-04-28',NULL,NULL,'2025-04-28 13:45:13','2025-04-28 13:45:13'),(16256,27,'Present','2025-04-28',NULL,NULL,'2025-04-28 13:45:16','2025-04-28 13:45:16');
/*!40000 ALTER TABLE `attendance` ENABLE KEYS */;
UNLOCK TABLES;

--
-- Table structure for table `categories`
--

DROP TABLE IF EXISTS `categories`;
/*!40101 SET @saved_cs_client     = @@character_set_client */;
/*!50503 SET character_set_client = utf8mb4 */;
CREATE TABLE `categories` (
  `id` int NOT NULL AUTO_INCREMENT,
  `name` varchar(255) NOT NULL,
  PRIMARY KEY (`id`)
) ENGINE=InnoDB AUTO_INCREMENT=17 DEFAULT CHARSET=utf8mb4 COLLATE=utf8mb4_0900_ai_ci;
/*!40101 SET character_set_client = @saved_cs_client */;

--
-- Dumping data for table `categories`
--

LOCK TABLES `categories` WRITE;
/*!40000 ALTER TABLE `categories` DISABLE KEYS */;
INSERT INTO `categories` VALUES (1,'Fruits'),(2,'Vegetables'),(3,'Dairy'),(4,'Edible Oil'),(5,'mobiles'),(8,'Shopify'),(12,'Clothes');
/*!40000 ALTER TABLE `categories` ENABLE KEYS */;
UNLOCK TABLES;

--
-- Table structure for table `credit_payments`
--

DROP TABLE IF EXISTS `credit_payments`;
/*!40101 SET @saved_cs_client     = @@character_set_client */;
/*!50503 SET character_set_client = utf8mb4 */;
CREATE TABLE `credit_payments` (
  `id` int NOT NULL AUTO_INCREMENT,
  `purchase_id` int DEFAULT NULL,
  `payment_amount` decimal(10,2) DEFAULT NULL,
  `payment_date` timestamp NULL DEFAULT CURRENT_TIMESTAMP,
  PRIMARY KEY (`id`),
  KEY `purchase_id` (`purchase_id`),
  CONSTRAINT `credit_payments_ibfk_1` FOREIGN KEY (`purchase_id`) REFERENCES `purchases` (`id`)
) ENGINE=InnoDB DEFAULT CHARSET=utf8mb4 COLLATE=utf8mb4_0900_ai_ci;
/*!40101 SET character_set_client = @saved_cs_client */;

--
-- Dumping data for table `credit_payments`
--

LOCK TABLES `credit_payments` WRITE;
/*!40000 ALTER TABLE `credit_payments` DISABLE KEYS */;
/*!40000 ALTER TABLE `credit_payments` ENABLE KEYS */;
UNLOCK TABLES;

--
-- Table structure for table `customers`
--

DROP TABLE IF EXISTS `customers`;
/*!40101 SET @saved_cs_client     = @@character_set_client */;
/*!50503 SET character_set_client = utf8mb4 */;
CREATE TABLE `customers` (
  `id` int NOT NULL AUTO_INCREMENT,
  `customer_name` varchar(255) NOT NULL,
  `customer_number` varchar(20) DEFAULT NULL,
  PRIMARY KEY (`id`),
  UNIQUE KEY `customer_name` (`customer_name`)
) ENGINE=InnoDB AUTO_INCREMENT=30 DEFAULT CHARSET=utf8mb4 COLLATE=utf8mb4_0900_ai_ci;
/*!40101 SET character_set_client = @saved_cs_client */;

--
-- Dumping data for table `customers`
--

LOCK TABLES `customers` WRITE;
/*!40000 ALTER TABLE `customers` DISABLE KEYS */;
INSERT INTO `customers` VALUES (9,'Ashiq','325689'),(10,'alam','321'),(14,'hamza','12345'),(15,'muhammad','789'),(16,'ali','456'),(17,'khan','170'),(18,'areeb','645'),(19,'musab','456798'),(20,'shariq','987654321'),(23,'asad','123456789'),(24,'saad','987456321'),(26,'',NULL),(27,'Bilal',NULL),(29,'aashiq',NULL);
/*!40000 ALTER TABLE `customers` ENABLE KEYS */;
UNLOCK TABLES;

--
-- Table structure for table `employees`
--

DROP TABLE IF EXISTS `employees`;
/*!40101 SET @saved_cs_client     = @@character_set_client */;
/*!50503 SET character_set_client = utf8mb4 */;
CREATE TABLE `employees` (
  `id` int NOT NULL,
  `name` varchar(255) NOT NULL,
  `whatsapp_number` varchar(20) DEFAULT NULL,
  PRIMARY KEY (`id`)
) ENGINE=InnoDB DEFAULT CHARSET=utf8mb4 COLLATE=utf8mb4_0900_ai_ci;
/*!40101 SET character_set_client = @saved_cs_client */;

--
-- Dumping data for table `employees`
--

LOCK TABLES `employees` WRITE;
/*!40000 ALTER TABLE `employees` DISABLE KEYS */;
INSERT INTO `employees` VALUES (1,'Daniyal','12345'),(2,'Mubashir','2345'),(3,'Sharif','18632'),(4,'Taha','789456'),(5,'Ahmad','456789123'),(6,'Yadav',''),(7,'Aaliyan',''),(8,'Saad',''),(9,'Yash',''),(10,'Hemant',''),(11,'Ashiq',''),(12,'Abdulhaq',''),(13,'Ahad',''),(14,'Uzair',''),(15,'Fassam',''),(16,'Ali',''),(17,'Alam','123'),(19,'Ibad',''),(23,'Maliha',''),(24,'Ammar',''),(25,'Talhaamin',''),(26,'Abdullahnizami',''),(27,'Abdulwahab',''),(28,'Asad',''),(29,'Mansoor',''),(30,'Muhammad',''),(103,'Umer',''),(105,'Hamza','');
/*!40000 ALTER TABLE `employees` ENABLE KEYS */;
UNLOCK TABLES;

--
-- Table structure for table `expenses`
--

DROP TABLE IF EXISTS `expenses`;
/*!40101 SET @saved_cs_client     = @@character_set_client */;
/*!50503 SET character_set_client = utf8mb4 */;
CREATE TABLE `expenses` (
  `id` int NOT NULL AUTO_INCREMENT,
  `amount` decimal(10,2) NOT NULL,
  `person_name` varchar(255) NOT NULL,
  `description` text NOT NULL,
  `expense_date` datetime DEFAULT CURRENT_TIMESTAMP,
  PRIMARY KEY (`id`)
) ENGINE=InnoDB AUTO_INCREMENT=3 DEFAULT CHARSET=utf8mb4 COLLATE=utf8mb4_0900_ai_ci;
/*!40101 SET character_set_client = @saved_cs_client */;

--
-- Dumping data for table `expenses`
--

LOCK TABLES `expenses` WRITE;
/*!40000 ALTER TABLE `expenses` DISABLE KEYS */;
INSERT INTO `expenses` VALUES (1,100.00,'abdul haq','roti','2025-04-28 17:12:32'),(2,150.00,'Usman','Roti / Dahi ','2025-04-29 15:23:42');
/*!40000 ALTER TABLE `expenses` ENABLE KEYS */;
UNLOCK TABLES;

--
-- Table structure for table `payments`
--

DROP TABLE IF EXISTS `payments`;
/*!40101 SET @saved_cs_client     = @@character_set_client */;
/*!50503 SET character_set_client = utf8mb4 */;
CREATE TABLE `payments` (
  `id` int NOT NULL AUTO_INCREMENT,
  `sale_id` int NOT NULL,
  `amount` decimal(10,2) NOT NULL,
  `payment_date` datetime NOT NULL,
  PRIMARY KEY (`id`),
  KEY `sale_id` (`sale_id`),
  CONSTRAINT `payments_ibfk_1` FOREIGN KEY (`sale_id`) REFERENCES `sales` (`id`) ON DELETE CASCADE
) ENGINE=InnoDB DEFAULT CHARSET=utf8mb4 COLLATE=utf8mb4_0900_ai_ci;
/*!40101 SET character_set_client = @saved_cs_client */;

--
-- Dumping data for table `payments`
--

LOCK TABLES `payments` WRITE;
/*!40000 ALTER TABLE `payments` DISABLE KEYS */;
/*!40000 ALTER TABLE `payments` ENABLE KEYS */;
UNLOCK TABLES;

--
-- Table structure for table `payroll`
--

DROP TABLE IF EXISTS `payroll`;
/*!40101 SET @saved_cs_client     = @@character_set_client */;
/*!50503 SET character_set_client = utf8mb4 */;
CREATE TABLE `payroll` (
  `id` int NOT NULL AUTO_INCREMENT,
  `employee_id` int DEFAULT NULL,
  `month` varchar(20) DEFAULT NULL,
  `year` int DEFAULT NULL,
  `salary` decimal(10,2) DEFAULT NULL,
  `is_paid` tinyint(1) DEFAULT '0',
  `payment_date` date DEFAULT NULL,
  PRIMARY KEY (`id`),
  KEY `payroll_ibfk_1` (`employee_id`),
  CONSTRAINT `payroll_ibfk_1` FOREIGN KEY (`employee_id`) REFERENCES `employees` (`id`)
) ENGINE=InnoDB AUTO_INCREMENT=6 DEFAULT CHARSET=utf8mb4 COLLATE=utf8mb4_0900_ai_ci;
/*!40101 SET character_set_client = @saved_cs_client */;

--
-- Dumping data for table `payroll`
--

LOCK TABLES `payroll` WRITE;
/*!40000 ALTER TABLE `payroll` DISABLE KEYS */;
INSERT INTO `payroll` VALUES (2,1,'March',2025,30000.00,1,'2025-04-29'),(3,2,'March',2025,35000.00,1,'2025-04-29'),(4,3,'March',2025,40000.00,1,'2025-04-29'),(5,29,'March',2025,30000.00,1,'2025-04-29');
/*!40000 ALTER TABLE `payroll` ENABLE KEYS */;
UNLOCK TABLES;

--
-- Table structure for table `products`
--

DROP TABLE IF EXISTS `products`;
/*!40101 SET @saved_cs_client     = @@character_set_client */;
/*!50503 SET character_set_client = utf8mb4 */;
CREATE TABLE `products` (
  `ID` int NOT NULL AUTO_INCREMENT,
  `Name` varchar(255) DEFAULT NULL,
  `Price` decimal(10,2) DEFAULT NULL,
  `Stock` int DEFAULT NULL,
  `category_id` int DEFAULT NULL,
  `odoo_product_id` int DEFAULT NULL,
  `type` varchar(50) DEFAULT NULL,
  `sku` varchar(255) DEFAULT NULL,
  `image_url` varchar(255) DEFAULT NULL,
  `cost_price` decimal(10,2) NOT NULL DEFAULT '0.00',
  PRIMARY KEY (`ID`),
  KEY `fk_category` (`category_id`),
  CONSTRAINT `fk_category` FOREIGN KEY (`category_id`) REFERENCES `categories` (`id`)
) ENGINE=InnoDB AUTO_INCREMENT=164 DEFAULT CHARSET=utf8mb4 COLLATE=utf8mb4_0900_ai_ci;
/*!40101 SET character_set_client = @saved_cs_client */;

--
-- Dumping data for table `products`
--

LOCK TABLES `products` WRITE;
/*!40000 ALTER TABLE `products` DISABLE KEYS */;
INSERT INTO `products` VALUES (3,'Apple',201.00,220,1,NULL,NULL,NULL,'product_3.jpg',150.00),(4,'Bananas',100.00,211,1,NULL,NULL,NULL,NULL,80.00),(6,'Oranges',100.00,222,1,NULL,NULL,NULL,NULL,70.00),(7,'Carrot',150.00,225,2,NULL,NULL,NULL,NULL,100.00),(8,'Mango',100.00,185,1,NULL,NULL,NULL,NULL,80.00),(9,'Eva Cooking Oil',500.00,94,4,NULL,NULL,NULL,'eva_cooking_oil.jpg',340.00),(10,'Milk 1 litre',220.00,164,3,NULL,NULL,NULL,'static/milk_1_litre.jpg',110.00),(11,'Cheese',400.00,196,3,NULL,NULL,NULL,NULL,250.00),(13,'Belt',14.00,87,12,1,'service',NULL,'restaurant expenses.jpg',5.00),(100,'24 Feb product',150.00,100,12,NULL,NULL,NULL,'24_feb_product.jpg',140.00),(102,'9th product',140000.00,168,8,NULL,NULL,NULL,'static/9th_product.jpg',120000.00),(103,'Ashiq Product',799.00,49,8,NULL,NULL,NULL,'static/ashiq_product.jpg',600.00),(104,'gym',540.00,59,8,NULL,NULL,NULL,'static/gym.jpg',500.00),(105,'Muhammad Product',150.00,49,8,NULL,NULL,NULL,'static/muhammad_product.jpg',120.00),(106,'note50 ultra',65000.00,10,5,NULL,NULL,NULL,'static/note50_ultra.jpg',50000.00),(107,'Cola Next',600.00,102,8,NULL,NULL,NULL,'cola_next.jpg',400.00),(119,'Shopify 1 product',500.00,2,8,NULL,NULL,NULL,'static/shopify_1_product.jpg',300.00),(120,'Shopify 2 product',400.00,58,8,NULL,NULL,NULL,'static/shopify_2_product.jpg',200.00),(121,'Shopify 3 product',300.00,0,8,NULL,NULL,NULL,'static/shopify_3_product.jpg',150.00),(122,'shopify 4 product',789456.00,0,8,NULL,NULL,NULL,'static/shopify_4_product.jpg',456789.00),(123,'Shopify 5 product',2999.00,0,8,NULL,NULL,NULL,'static/shopify_5_product.jpg',1500.00),(141,'disposable puff bar',2500.00,16,12,NULL,NULL,NULL,'static/disposable_puff_bar.jpg',1000.00),(142,'New product 9 april',150.00,39,5,NULL,NULL,NULL,'static/new_product_9_april.jpg',100.00),(149,'Yogurt - 1/2 Kg',380.00,100,3,NULL,NULL,NULL,'yogurt___1_2_kg.jpg',160.00),(150,'TShirt - Black - small',200.00,100,12,NULL,NULL,NULL,'tshirt___black___small.jpg',100.00),(151,'Tshirt - black - medium',200.00,50,12,NULL,NULL,NULL,'tshirt___black___medium.jpg',100.00),(163,'Dalda oil',200.00,450,4,NULL,NULL,NULL,'static/dalda_oil.jpg',100.00);
/*!40000 ALTER TABLE `products` ENABLE KEYS */;
UNLOCK TABLES;

--
-- Table structure for table `purchase_orders`
--

DROP TABLE IF EXISTS `purchase_orders`;
/*!40101 SET @saved_cs_client     = @@character_set_client */;
/*!50503 SET character_set_client = utf8mb4 */;
CREATE TABLE `purchase_orders` (
  `id` int NOT NULL AUTO_INCREMENT,
  `vendor_id` int NOT NULL,
  `order_date` datetime DEFAULT CURRENT_TIMESTAMP,
  `total_amount` decimal(12,2) DEFAULT NULL,
  `notes` text,
  `status` enum('draft','confirmed','completed','cancelled') DEFAULT 'confirmed',
  PRIMARY KEY (`id`),
  KEY `vendor_id` (`vendor_id`),
  CONSTRAINT `purchase_orders_ibfk_1` FOREIGN KEY (`vendor_id`) REFERENCES `vendors` (`id`)
) ENGINE=InnoDB AUTO_INCREMENT=3 DEFAULT CHARSET=utf8mb4 COLLATE=utf8mb4_0900_ai_ci;
/*!40101 SET character_set_client = @saved_cs_client */;

--
-- Dumping data for table `purchase_orders`
--

LOCK TABLES `purchase_orders` WRITE;
/*!40000 ALTER TABLE `purchase_orders` DISABLE KEYS */;
INSERT INTO `purchase_orders` VALUES (1,1,'2025-04-28 22:13:54',150.00,NULL,'confirmed'),(2,1,'2025-04-29 15:19:56',100.00,NULL,'confirmed');
/*!40000 ALTER TABLE `purchase_orders` ENABLE KEYS */;
UNLOCK TABLES;

--
-- Table structure for table `purchases`
--

DROP TABLE IF EXISTS `purchases`;
/*!40101 SET @saved_cs_client     = @@character_set_client */;
/*!50503 SET character_set_client = utf8mb4 */;
CREATE TABLE `purchases` (
  `id` int NOT NULL AUTO_INCREMENT,
  `order_id` int DEFAULT NULL,
  `product_id` int NOT NULL,
  `vendor_id` int NOT NULL,
  `quantity` int NOT NULL,
  `purchase_date` timestamp NULL DEFAULT CURRENT_TIMESTAMP,
  PRIMARY KEY (`id`),
  KEY `product_id` (`product_id`),
  KEY `vendor_id` (`vendor_id`),
  KEY `fk_purchase_order` (`order_id`),
  CONSTRAINT `fk_purchase_order` FOREIGN KEY (`order_id`) REFERENCES `purchase_orders` (`id`),
  CONSTRAINT `purchases_ibfk_1` FOREIGN KEY (`product_id`) REFERENCES `products` (`ID`) ON DELETE CASCADE,
  CONSTRAINT `purchases_ibfk_2` FOREIGN KEY (`vendor_id`) REFERENCES `vendors` (`id`) ON DELETE CASCADE
) ENGINE=InnoDB AUTO_INCREMENT=3 DEFAULT CHARSET=utf8mb4 COLLATE=utf8mb4_0900_ai_ci;
/*!40101 SET character_set_client = @saved_cs_client */;

--
-- Dumping data for table `purchases`
--

LOCK TABLES `purchases` WRITE;
/*!40000 ALTER TABLE `purchases` DISABLE KEYS */;
INSERT INTO `purchases` VALUES (1,1,3,1,1,'2025-04-28 17:13:54'),(2,2,7,1,1,'2025-04-29 10:19:56');
/*!40000 ALTER TABLE `purchases` ENABLE KEYS */;
UNLOCK TABLES;

--
-- Table structure for table `returns`
--

DROP TABLE IF EXISTS `returns`;
/*!40101 SET @saved_cs_client     = @@character_set_client */;
/*!50503 SET character_set_client = utf8mb4 */;
CREATE TABLE `returns` (
  `id` int NOT NULL AUTO_INCREMENT,
  `sale_id` int DEFAULT NULL,
  `product_name` varchar(255) DEFAULT NULL,
  `quantity` int DEFAULT NULL,
  `return_amount` float DEFAULT NULL,
  `return_date` datetime DEFAULT NULL,
  `customer_name` varchar(255) DEFAULT NULL,
  `reason` text,
  PRIMARY KEY (`id`)
) ENGINE=InnoDB AUTO_INCREMENT=3 DEFAULT CHARSET=utf8mb4 COLLATE=utf8mb4_0900_ai_ci;
/*!40101 SET character_set_client = @saved_cs_client */;

--
-- Dumping data for table `returns`
--

LOCK TABLES `returns` WRITE;
/*!40000 ALTER TABLE `returns` DISABLE KEYS */;
INSERT INTO `returns` VALUES (1,1,'Bananas',1,100,'2025-04-28 22:06:50','Ashiq',''),(2,1,'Bananas',1,100,'2025-04-28 22:09:03','Ashiq','');
/*!40000 ALTER TABLE `returns` ENABLE KEYS */;
UNLOCK TABLES;

--
-- Table structure for table `sale_items`
--

DROP TABLE IF EXISTS `sale_items`;
/*!40101 SET @saved_cs_client     = @@character_set_client */;
/*!50503 SET character_set_client = utf8mb4 */;
CREATE TABLE `sale_items` (
  `id` int NOT NULL AUTO_INCREMENT,
  `sale_id` int NOT NULL,
  `product_id` int NOT NULL,
  `quantity` int NOT NULL,
  `sale_price` decimal(10,2) NOT NULL DEFAULT '0.00',
  PRIMARY KEY (`id`),
  KEY `sale_id` (`sale_id`),
  KEY `product_id` (`product_id`),
  CONSTRAINT `sale_items_ibfk_1` FOREIGN KEY (`sale_id`) REFERENCES `sales` (`id`),
  CONSTRAINT `sale_items_ibfk_2` FOREIGN KEY (`product_id`) REFERENCES `products` (`ID`)
) ENGINE=InnoDB AUTO_INCREMENT=5 DEFAULT CHARSET=utf8mb4 COLLATE=utf8mb4_0900_ai_ci;
/*!40101 SET character_set_client = @saved_cs_client */;

--
-- Dumping data for table `sale_items`
--

LOCK TABLES `sale_items` WRITE;
/*!40000 ALTER TABLE `sale_items` DISABLE KEYS */;
INSERT INTO `sale_items` VALUES (1,1,4,3,100.00),(2,1,6,2,100.00),(3,2,6,1,100.00),(4,2,8,4,100.00);
/*!40000 ALTER TABLE `sale_items` ENABLE KEYS */;
UNLOCK TABLES;

--
-- Table structure for table `sales`
--

DROP TABLE IF EXISTS `sales`;
/*!40101 SET @saved_cs_client     = @@character_set_client */;
/*!50503 SET character_set_client = utf8mb4 */;
CREATE TABLE `sales` (
  `id` int NOT NULL AUTO_INCREMENT,
  `product_id` int DEFAULT NULL,
  `quantity` int DEFAULT NULL,
  `sale_price` decimal(10,2) DEFAULT NULL,
  `total_price` decimal(10,2) DEFAULT NULL,
  `sale_date` timestamp NULL DEFAULT CURRENT_TIMESTAMP,
  `source` varchar(50),
  `customer_id` int DEFAULT NULL,
  `credit_sale` tinyint(1) DEFAULT '0',
  `due_amount` decimal(10,2) DEFAULT '0.00',
  `paid_amount` decimal(10,2) DEFAULT '0.00',
  `payment_due_date` date DEFAULT NULL,
  PRIMARY KEY (`id`),
  KEY `product_id` (`product_id`),
  KEY `fk_customer_id` (`customer_id`),
  CONSTRAINT `fk_customer_id` FOREIGN KEY (`customer_id`) REFERENCES `customers` (`id`),
  CONSTRAINT `sales_ibfk_1` FOREIGN KEY (`product_id`) REFERENCES `products` (`ID`)
) ENGINE=InnoDB AUTO_INCREMENT=3 DEFAULT CHARSET=utf8mb4 COLLATE=utf8mb4_0900_ai_ci;
/*!40101 SET character_set_client = @saved_cs_client */;

--
-- Dumping data for table `sales`
--

LOCK TABLES `sales` WRITE;
/*!40000 ALTER TABLE `sales` DISABLE KEYS */;
INSERT INTO `sales` VALUES (1,NULL,NULL,NULL,300.00,'2025-04-28 17:06:27','POS',9,0,0.00,500.00,NULL),(2,NULL,NULL,NULL,500.00,'2025-04-29 10:22:54','Sales Module',9,0,0.00,500.00,NULL);
/*!40000 ALTER TABLE `sales` ENABLE KEYS */;
UNLOCK TABLES;

--
-- Table structure for table `vendor_payments`
--

DROP TABLE IF EXISTS `vendor_payments`;
/*!40101 SET @saved_cs_client     = @@character_set_client */;
/*!50503 SET character_set_client = utf8mb4 */;
CREATE TABLE `vendor_payments` (
  `id` int NOT NULL AUTO_INCREMENT,
  `purchase_id` int NOT NULL,
  `amount` decimal(10,2) NOT NULL,
  `payment_date` datetime DEFAULT CURRENT_TIMESTAMP,
  `due_amount` decimal(10,2) DEFAULT NULL,
  PRIMARY KEY (`id`),
  KEY `purchase_id` (`purchase_id`),
  CONSTRAINT `vendor_payments_ibfk_1` FOREIGN KEY (`purchase_id`) REFERENCES `purchases` (`id`)
) ENGINE=InnoDB AUTO_INCREMENT=3 DEFAULT CHARSET=utf8mb4 COLLATE=utf8mb4_0900_ai_ci;
/*!40101 SET character_set_client = @saved_cs_client */;

--
-- Dumping data for table `vendor_payments`
--

LOCK TABLES `vendor_payments` WRITE;
/*!40000 ALTER TABLE `vendor_payments` DISABLE KEYS */;
INSERT INTO `vendor_payments` VALUES (1,1,150.00,'2025-04-28 22:14:01',0.00),(2,2,100.00,'2025-04-29 15:21:32',0.00);
/*!40000 ALTER TABLE `vendor_payments` ENABLE KEYS */;
UNLOCK TABLES;

--
-- Table structure for table `vendors`
--

DROP TABLE IF EXISTS `vendors`;
/*!40101 SET @saved_cs_client     = @@character_set_client */;
/*!50503 SET character_set_client = utf8mb4 */;
CREATE TABLE `vendors` (
  `id` int NOT NULL AUTO_INCREMENT,
  `name` varchar(255) NOT NULL,
  `phone` varchar(20) NOT NULL,
  `service_products` text NOT NULL,
  PRIMARY KEY (`id`)
) ENGINE=InnoDB AUTO_INCREMENT=5 DEFAULT CHARSET=utf8mb4 COLLATE=utf8mb4_0900_ai_ci;
/*!40101 SET character_set_client = @saved_cs_client */;

--
-- Dumping data for table `vendors`
--

LOCK TABLES `vendors` WRITE;
/*!40000 ALTER TABLE `vendors` DISABLE KEYS */;
INSERT INTO `vendors` VALUES (1,'Ashiq','+923353686239','Clothing'),(2,'wahab','6123147','mobiles'),(3,'bilal','12345','mobiles phones'),(4,'saad','0331','vape shop\n');
/*!40000 ALTER TABLE `vendors` ENABLE KEYS */;
UNLOCK TABLES;
/*!40103 SET TIME_ZONE=@OLD_TIME_ZONE */;

/*!40101 SET SQL_MODE=@OLD_SQL_MODE */;
/*!40014 SET FOREIGN_KEY_CHECKS=@OLD_FOREIGN_KEY_CHECKS */;
/*!40014 SET UNIQUE_CHECKS=@OLD_UNIQUE_CHECKS */;
/*!40101 SET CHARACTER_SET_CLIENT=@OLD_CHARACTER_SET_CLIENT */;
/*!40101 SET CHARACTER_SET_RESULTS=@OLD_CHARACTER_SET_RESULTS */;
/*!40101 SET COLLATION_CONNECTION=@OLD_COLLATION_CONNECTION */;
/*!40111 SET SQL_NOTES=@OLD_SQL_NOTES */;

-- Dump completed on 2025-04-29 16:09:09
